"snapshot_date_utc","snapshot_at_utc","tag_name","published_at","asset_name","download_count","browser_download_url"
"2026-05-06","2026-05-06T17:54:34Z","v1.6.2026.11705","2026-04-26T15:04:28Z","OneFindInstaller_1.6.exe","83","https://github.com/iawnfoanaowt/OneFind/releases/download/v1.6.2026.11705/OneFindInstaller_1.6.exe"
"2026-05-06","2026-05-06T17:54:34Z","v1.5.2026.10704","2026-04-16T08:24:20Z","OneFindInstaller_1.5.exe","107","https://github.com/iawnfoanaowt/OneFind/releases/download/v1.5.2026.10704/OneFindInstaller_1.5.exe"
"2026-05-06","2026-05-06T17:54:34Z","v1.5.2026.10609","2026-04-16T08:11:49Z","OneFindInstaller_1.5.exe","2","https://github.com/iawnfoanaowt/OneFind/releases/download/v1.5.2026.10609/OneFindInstaller_1.5.exe"
"2026-05-06","2026-05-06T17:54:34Z","v1.4.2026.10104","2026-04-11T14:47:23Z","KnowledgeBaseGatewayInstaller.exe","79","https://github.com/iawnfoanaowt/OneFind/releases/download/v1.4.2026.10104/KnowledgeBaseGatewayInstaller.exe"
"2026-05-06","2026-05-06T17:54:34Z","v1.2.2026.10009","2026-04-10T12:55:08Z","KnowledgeBaseGatewayInstaller.exe","28","https://github.com/iawnfoanaowt/OneFind/releases/download/v1.2.2026.10009/KnowledgeBaseGatewayInstaller.exe"
"2026-05-06","2026-05-06T17:54:34Z","v1.1.2026.9903","2026-04-09T13:52:18Z","KnowledgeBaseGatewayInstaller.exe","20","https://github.com/iawnfoanaowt/OneFind/releases/download/v1.1.2026.9903/KnowledgeBaseGatewayInstaller.exe"
"2026-05-07","2026-05-07T17:59:19Z","v1.6.2026.11705","2026-04-26T15:04:28Z","OneFindInstaller_1.6.exe","96","https://github.com/iawnfoanaowt/OneFind/releases/download/v1.6.2026.11705/OneFindInstaller_1.6.exe"
"2026-05-07","2026-05-07T17:59:19Z","v1.5.2026.10704","2026-04-16T08:24:20Z","OneFindInstaller_1.5.exe","107","https://github.com/iawnfoanaowt/OneFind/releases/download/v1.5.2026.10704/OneFindInstaller_1.5.exe"
"2026-05-07","2026-05-07T17:59:19Z","v1.5.2026.10609","2026-04-16T08:11:49Z","OneFindInstaller_1.5.exe","2","https://github.com/iawnfoanaowt/OneFind/releases/download/v1.5.2026.10609/OneFindInstaller_1.5.exe"
"2026-05-07","2026-05-07T17:59:19Z","v1.4.2026.10104","2026-04-11T14:47:23Z","KnowledgeBaseGatewayInstaller.exe","79","https://github.com/iawnfoanaowt/OneFind/releases/download/v1.4.2026.10104/KnowledgeBaseGatewayInstaller.exe"
"2026-05-07","2026-05-07T17:59:19Z","v1.2.2026.10009","2026-04-10T12:55:08Z","KnowledgeBaseGatewayInstaller.exe","28","https://github.com/iawnfoanaowt/OneFind/releases/download/v1.2.2026.10009/KnowledgeBaseGatewayInstaller.exe"
"2026-05-07","2026-05-07T17:59:19Z","v1.1.2026.9903","2026-04-09T13:52:18Z","KnowledgeBaseGatewayInstaller.exe","20","https://github.com/iawnfoanaowt/OneFind/releases/download/v1.1.2026.9903/KnowledgeBaseGatewayInstaller.exe"
"2026-05-08","2026-05-08T17:46:16Z","v1.6.2026.11705","2026-04-26T15:04:28Z","OneFindInstaller_1.6.exe","102","https://github.com/iawnfoanaowt/OneFind/releases/download/v1.6.2026.11705/OneFindInstaller_1.6.exe"
"2026-05-08","2026-05-08T17:46:16Z","v1.5.2026.10704","2026-04-16T08:24:20Z","OneFindInstaller_1.5.exe","107","https://github.com/iawnfoanaowt/OneFind/releases/download/v1.5.2026.10704/OneFindInstaller_1.5.exe"
"2026-05-08","2026-05-08T17:46:16Z","v1.5.2026.10609","2026-04-16T08:11:49Z","OneFindInstaller_1.5.exe","2","https://github.com/iawnfoanaowt/OneFind/releases/download/v1.5.2026.10609/OneFindInstaller_1.5.exe"
"2026-05-08","2026-05-08T17:46:16Z","v1.4.2026.10104","2026-04-11T14:47:23Z","KnowledgeBaseGatewayInstaller.exe","79","https://github.com/iawnfoanaowt/OneFind/releases/download/v1.4.2026.10104/KnowledgeBaseGatewayInstaller.exe"
"2026-05-08","2026-05-08T17:46:16Z","v1.2.2026.10009","2026-04-10T12:55:08Z","KnowledgeBaseGatewayInstaller.exe","28","https://github.com/iawnfoanaowt/OneFind/releases/download/v1.2.2026.10009/KnowledgeBaseGatewayInstaller.exe"
"2026-05-08","2026-05-08T17:46:16Z","v1.1.2026.9903","2026-04-09T13:52:18Z","KnowledgeBaseGatewayInstaller.exe","20","https://github.com/iawnfoanaowt/OneFind/releases/download/v1.1.2026.9903/KnowledgeBaseGatewayInstaller.exe"
"2026-05-09","2026-05-09T17:15:22Z","v1.6.2026.11705","2026-04-26T15:04:28Z","OneFindInstaller_1.6.exe","130","https://github.com/iawnfoanaowt/OneFind/releases/download/v1.6.2026.11705/OneFindInstaller_1.6.exe"
"2026-05-09","2026-05-09T17:15:22Z","v1.5.2026.10704","2026-04-16T08:24:20Z","OneFindInstaller_1.5.exe","107","https://github.com/iawnfoanaowt/OneFind/releases/download/v1.5.2026.10704/OneFindInstaller_1.5.exe"
"2026-05-09","2026-05-09T17:15:22Z","v1.5.2026.10609","2026-04-16T08:11:49Z","OneFindInstaller_1.5.exe","2","https://github.com/iawnfoanaowt/OneFind/releases/download/v1.5.2026.10609/OneFindInstaller_1.5.exe"
"2026-05-09","2026-05-09T17:15:22Z","v1.4.2026.10104","2026-04-11T14:47:23Z","KnowledgeBaseGatewayInstaller.exe","79","https://github.com/iawnfoanaowt/OneFind/releases/download/v1.4.2026.10104/KnowledgeBaseGatewayInstaller.exe"
"2026-05-09","2026-05-09T17:15:22Z","v1.2.2026.10009","2026-04-10T12:55:08Z","KnowledgeBaseGatewayInstaller.exe","28","https://github.com/iawnfoanaowt/OneFind/releases/download/v1.2.2026.10009/KnowledgeBaseGatewayInstaller.exe"
"2026-05-09","2026-05-09T17:15:22Z","v1.1.2026.9903","2026-04-09T13:52:18Z","KnowledgeBaseGatewayInstaller.exe","20","https://github.com/iawnfoanaowt/OneFind/releases/download/v1.1.2026.9903/KnowledgeBaseGatewayInstaller.exe"
"2026-05-10","2026-05-10T17:14:58Z","v1.6.2026.11705","2026-04-26T15:04:28Z","OneFindInstaller_1.6.exe","146","https://github.com/iawnfoanaowt/OneFind/releases/download/v1.6.2026.11705/OneFindInstaller_1.6.exe"
"2026-05-10","2026-05-10T17:14:58Z","v1.5.2026.10704","2026-04-16T08:24:20Z","OneFindInstaller_1.5.exe","107","https://github.com/iawnfoanaowt/OneFind/releases/download/v1.5.2026.10704/OneFindInstaller_1.5.exe"
"2026-05-10","2026-05-10T17:14:58Z","v1.5.2026.10609","2026-04-16T08:11:49Z","OneFindInstaller_1.5.exe","2","https://github.com/iawnfoanaowt/OneFind/releases/download/v1.5.2026.10609/OneFindInstaller_1.5.exe"
"2026-05-10","2026-05-10T17:14:58Z","v1.4.2026.10104","2026-04-11T14:47:23Z","KnowledgeBaseGatewayInstaller.exe","79","https://github.com/iawnfoanaowt/OneFind/releases/download/v1.4.2026.10104/KnowledgeBaseGatewayInstaller.exe"
"2026-05-10","2026-05-10T17:14:58Z","v1.2.2026.10009","2026-04-10T12:55:08Z","KnowledgeBaseGatewayInstaller.exe","28","https://github.com/iawnfoanaowt/OneFind/releases/download/v1.2.2026.10009/KnowledgeBaseGatewayInstaller.exe"
"2026-05-10","2026-05-10T17:14:58Z","v1.1.2026.9903","2026-04-09T13:52:18Z","KnowledgeBaseGatewayInstaller.exe","20","https://github.com/iawnfoanaowt/OneFind/releases/download/v1.1.2026.9903/KnowledgeBaseGatewayInstaller.exe"
"2026-05-11","2026-05-11T18:07:59Z","v1.6.2026.11705","2026-04-26T15:04:28Z","OneFindInstaller_1.6.exe","157","https://github.com/iawnfoanaowt/OneFind/releases/download/v1.6.2026.11705/OneFindInstaller_1.6.exe"
"2026-05-11","2026-05-11T18:07:59Z","v1.5.2026.10704","2026-04-16T08:24:20Z","OneFindInstaller_1.5.exe","107","https://github.com/iawnfoanaowt/OneFind/releases/download/v1.5.2026.10704/OneFindInstaller_1.5.exe"
"2026-05-11","2026-05-11T18:07:59Z","v1.5.2026.10609","2026-04-16T08:11:49Z","OneFindInstaller_1.5.exe","2","https://github.com/iawnfoanaowt/OneFind/releases/download/v1.5.2026.10609/OneFindInstaller_1.5.exe"
"2026-05-11","2026-05-11T18:07:59Z","v1.4.2026.10104","2026-04-11T14:47:23Z","KnowledgeBaseGatewayInstaller.exe","79","https://github.com/iawnfoanaowt/OneFind/releases/download/v1.4.2026.10104/KnowledgeBaseGatewayInstaller.exe"
"2026-05-11","2026-05-11T18:07:59Z","v1.2.2026.10009","2026-04-10T12:55:08Z","KnowledgeBaseGatewayInstaller.exe","28","https://github.com/iawnfoanaowt/OneFind/releases/download/v1.2.2026.10009/KnowledgeBaseGatewayInstaller.exe"
"2026-05-11","2026-05-11T18:07:59Z","v1.1.2026.9903","2026-04-09T13:52:18Z","KnowledgeBaseGatewayInstaller.exe","20","https://github.com/iawnfoanaowt/OneFind/releases/download/v1.1.2026.9903/KnowledgeBaseGatewayInstaller.exe"
"2026-05-12","2026-05-12T18:18:56Z","v1.7.2026.13203","2026-05-12T13:33:59Z","OneFind-macos-arm64-v1.7.dmg","13","https://github.com/iawnfoanaowt/OneFind/releases/download/v1.7.2026.13203/OneFind-macos-arm64-v1.7.dmg"
"2026-05-12","2026-05-12T18:18:56Z","v1.7.2026.13203","2026-05-12T13:33:59Z","OneFindInstaller-windows-v1.7.exe","41","https://github.com/iawnfoanaowt/OneFind/releases/download/v1.7.2026.13203/OneFindInstaller-windows-v1.7.exe"
"2026-05-12","2026-05-12T18:18:56Z","v1.6.2026.11705","2026-04-26T15:04:28Z","OneFindInstaller_1.6.exe","170","https://github.com/iawnfoanaowt/OneFind/releases/download/v1.6.2026.11705/OneFindInstaller_1.6.exe"
"2026-05-12","2026-05-12T18:18:56Z","v1.5.2026.10704","2026-04-16T08:24:20Z","OneFindInstaller_1.5.exe","107","https://github.com/iawnfoanaowt/OneFind/releases/download/v1.5.2026.10704/OneFindInstaller_1.5.exe"
"2026-05-12","2026-05-12T18:18:56Z","v1.5.2026.10609","2026-04-16T08:11:49Z","OneFindInstaller_1.5.exe","2","https://github.com/iawnfoanaowt/OneFind/releases/download/v1.5.2026.10609/OneFindInstaller_1.5.exe"
"2026-05-12","2026-05-12T18:18:56Z","v1.4.2026.10104","2026-04-11T14:47:23Z","KnowledgeBaseGatewayInstaller.exe","79","https://github.com/iawnfoanaowt/OneFind/releases/download/v1.4.2026.10104/KnowledgeBaseGatewayInstaller.exe"
"2026-05-12","2026-05-12T18:18:56Z","v1.2.2026.10009","2026-04-10T12:55:08Z","KnowledgeBaseGatewayInstaller.exe","28","https://github.com/iawnfoanaowt/OneFind/releases/download/v1.2.2026.10009/KnowledgeBaseGatewayInstaller.exe"
"2026-05-12","2026-05-12T18:18:56Z","v1.1.2026.9903","2026-04-09T13:52:18Z","KnowledgeBaseGatewayInstaller.exe","20","https://github.com/iawnfoanaowt/OneFind/releases/download/v1.1.2026.9903/KnowledgeBaseGatewayInstaller.exe"
"2026-05-13","2026-05-13T18:19:13Z","v1.7.2026.13301","2026-05-12T13:33:59Z","OneFind-macos-arm64-v1.7.dmg","20","https://github.com/iawnfoanaowt/OneFind/releases/download/v1.7.2026.13301/OneFind-macos-arm64-v1.7.dmg"
"2026-05-13","2026-05-13T18:19:13Z","v1.7.2026.13301","2026-05-12T13:33:59Z","OneFindInstaller-windows_1.7.exe","5","https://github.com/iawnfoanaowt/OneFind/releases/download/v1.7.2026.13301/OneFindInstaller-windows_1.7.exe"
"2026-05-13","2026-05-13T18:19:13Z","v1.6.2026.11705","2026-04-26T15:04:28Z","OneFindInstaller_1.6.exe","170","https://github.com/iawnfoanaowt/OneFind/releases/download/v1.6.2026.11705/OneFindInstaller_1.6.exe"
"2026-05-13","2026-05-13T18:19:13Z","v1.5.2026.10704","2026-04-16T08:24:20Z","OneFindInstaller_1.5.exe","107","https://github.com/iawnfoanaowt/OneFind/releases/download/v1.5.2026.10704/OneFindInstaller_1.5.exe"
"2026-05-13","2026-05-13T18:19:13Z","v1.5.2026.10609","2026-04-16T08:11:49Z","OneFindInstaller_1.5.exe","2","https://github.com/iawnfoanaowt/OneFind/releases/download/v1.5.2026.10609/OneFindInstaller_1.5.exe"
"2026-05-13","2026-05-13T18:19:13Z","v1.4.2026.10104","2026-04-11T14:47:23Z","KnowledgeBaseGatewayInstaller.exe","79","https://github.com/iawnfoanaowt/OneFind/releases/download/v1.4.2026.10104/KnowledgeBaseGatewayInstaller.exe"
"2026-05-13","2026-05-13T18:19:13Z","v1.2.2026.10009","2026-04-10T12:55:08Z","KnowledgeBaseGatewayInstaller.exe","28","https://github.com/iawnfoanaowt/OneFind/releases/download/v1.2.2026.10009/KnowledgeBaseGatewayInstaller.exe"
"2026-05-13","2026-05-13T18:19:13Z","v1.1.2026.9903","2026-04-09T13:52:18Z","KnowledgeBaseGatewayInstaller.exe","20","https://github.com/iawnfoanaowt/OneFind/releases/download/v1.1.2026.9903/KnowledgeBaseGatewayInstaller.exe"
"2026-05-14","2026-05-14T18:11:56Z","v1.7.2026.13301","2026-05-12T13:33:59Z","OneFind-macos-arm64-v1.7.dmg","22","https://github.com/iawnfoanaowt/OneFind/releases/download/v1.7.2026.13301/OneFind-macos-arm64-v1.7.dmg"
"2026-05-14","2026-05-14T18:11:56Z","v1.7.2026.13301","2026-05-12T13:33:59Z","OneFindInstaller-windows_1.7.exe","25","https://github.com/iawnfoanaowt/OneFind/releases/download/v1.7.2026.13301/OneFindInstaller-windows_1.7.exe"
"2026-05-14","2026-05-14T18:11:56Z","v1.6.2026.11705","2026-04-26T15:04:28Z","OneFindInstaller_1.6.exe","170","https://github.com/iawnfoanaowt/OneFind/releases/download/v1.6.2026.11705/OneFindInstaller_1.6.exe"
"2026-05-14","2026-05-14T18:11:56Z","v1.5.2026.10704","2026-04-16T08:24:20Z","OneFindInstaller_1.5.exe","107","https://github.com/iawnfoanaowt/OneFind/releases/download/v1.5.2026.10704/OneFindInstaller_1.5.exe"
"2026-05-14","2026-05-14T18:11:56Z","v1.5.2026.10609","2026-04-16T08:11:49Z","OneFindInstaller_1.5.exe","2","https://github.com/iawnfoanaowt/OneFind/releases/download/v1.5.2026.10609/OneFindInstaller_1.5.exe"
"2026-05-14","2026-05-14T18:11:56Z","v1.4.2026.10104","2026-04-11T14:47:23Z","KnowledgeBaseGatewayInstaller.exe","79","https://github.com/iawnfoanaowt/OneFind/releases/download/v1.4.2026.10104/KnowledgeBaseGatewayInstaller.exe"
"2026-05-14","2026-05-14T18:11:56Z","v1.2.2026.10009","2026-04-10T12:55:08Z","KnowledgeBaseGatewayInstaller.exe","28","https://github.com/iawnfoanaowt/OneFind/releases/download/v1.2.2026.10009/KnowledgeBaseGatewayInstaller.exe"
"2026-05-14","2026-05-14T18:11:56Z","v1.1.2026.9903","2026-04-09T13:52:18Z","KnowledgeBaseGatewayInstaller.exe","20","https://github.com/iawnfoanaowt/OneFind/releases/download/v1.1.2026.9903/KnowledgeBaseGatewayInstaller.exe"
"2026-05-15","2026-05-15T17:54:07Z","v1.7.2026.13301","2026-05-12T13:33:59Z","OneFind-macos-arm64-v1.7.dmg","31","https://github.com/iawnfoanaowt/OneFind/releases/download/v1.7.2026.13301/OneFind-macos-arm64-v1.7.dmg"
"2026-05-15","2026-05-15T17:54:07Z","v1.7.2026.13301","2026-05-12T13:33:59Z","OneFindInstaller-windows_1.7.exe","46","https://github.com/iawnfoanaowt/OneFind/releases/download/v1.7.2026.13301/OneFindInstaller-windows_1.7.exe"
"2026-05-15","2026-05-15T17:54:07Z","v1.6.2026.11705","2026-04-26T15:04:28Z","OneFindInstaller_1.6.exe","170","https://github.com/iawnfoanaowt/OneFind/releases/download/v1.6.2026.11705/OneFindInstaller_1.6.exe"
"2026-05-15","2026-05-15T17:54:07Z","v1.5.2026.10704","2026-04-16T08:24:20Z","OneFindInstaller_1.5.exe","107","https://github.com/iawnfoanaowt/OneFind/releases/download/v1.5.2026.10704/OneFindInstaller_1.5.exe"
"2026-05-15","2026-05-15T17:54:07Z","v1.5.2026.10609","2026-04-16T08:11:49Z","OneFindInstaller_1.5.exe","2","https://github.com/iawnfoanaowt/OneFind/releases/download/v1.5.2026.10609/OneFindInstaller_1.5.exe"
"2026-05-15","2026-05-15T17:54:07Z","v1.4.2026.10104","2026-04-11T14:47:23Z","KnowledgeBaseGatewayInstaller.exe","79","https://github.com/iawnfoanaowt/OneFind/releases/download/v1.4.2026.10104/KnowledgeBaseGatewayInstaller.exe"
"2026-05-15","2026-05-15T17:54:07Z","v1.2.2026.10009","2026-04-10T12:55:08Z","KnowledgeBaseGatewayInstaller.exe","28","https://github.com/iawnfoanaowt/OneFind/releases/download/v1.2.2026.10009/KnowledgeBaseGatewayInstaller.exe"
"2026-05-15","2026-05-15T17:54:07Z","v1.1.2026.9903","2026-04-09T13:52:18Z","KnowledgeBaseGatewayInstaller.exe","20","https://github.com/iawnfoanaowt/OneFind/releases/download/v1.1.2026.9903/KnowledgeBaseGatewayInstaller.exe"
"2026-05-16","2026-05-16T17:17:33Z","v1.7.2026.13301","2026-05-12T13:33:59Z","OneFind-macos-arm64-v1.7.dmg","48","https://github.com/iawnfoanaowt/OneFind/releases/download/v1.7.2026.13301/OneFind-macos-arm64-v1.7.dmg"
"2026-05-16","2026-05-16T17:17:33Z","v1.7.2026.13301","2026-05-12T13:33:59Z","OneFindInstaller-windows_1.7.exe","5","https://github.com/iawnfoanaowt/OneFind/releases/download/v1.7.2026.13301/OneFindInstaller-windows_1.7.exe"
"2026-05-16","2026-05-16T17:17:33Z","v1.6.2026.11705","2026-04-26T15:04:28Z","OneFindInstaller_1.6.exe","170","https://github.com/iawnfoanaowt/OneFind/releases/download/v1.6.2026.11705/OneFindInstaller_1.6.exe"
"2026-05-16","2026-05-16T17:17:33Z","v1.5.2026.10704","2026-04-16T08:24:20Z","OneFindInstaller_1.5.exe","107","https://github.com/iawnfoanaowt/OneFind/releases/download/v1.5.2026.10704/OneFindInstaller_1.5.exe"
"2026-05-16","2026-05-16T17:17:33Z","v1.5.2026.10609","2026-04-16T08:11:49Z","OneFindInstaller_1.5.exe","2","https://github.com/iawnfoanaowt/OneFind/releases/download/v1.5.2026.10609/OneFindInstaller_1.5.exe"
"2026-05-16","2026-05-16T17:17:33Z","v1.4.2026.10104","2026-04-11T14:47:23Z","KnowledgeBaseGatewayInstaller.exe","79","https://github.com/iawnfoanaowt/OneFind/releases/download/v1.4.2026.10104/KnowledgeBaseGatewayInstaller.exe"
"2026-05-16","2026-05-16T17:17:33Z","v1.2.2026.10009","2026-04-10T12:55:08Z","KnowledgeBaseGatewayInstaller.exe","28","https://github.com/iawnfoanaowt/OneFind/releases/download/v1.2.2026.10009/KnowledgeBaseGatewayInstaller.exe"
"2026-05-16","2026-05-16T17:17:33Z","v1.1.2026.9903","2026-04-09T13:52:18Z","KnowledgeBaseGatewayInstaller.exe","20","https://github.com/iawnfoanaowt/OneFind/releases/download/v1.1.2026.9903/KnowledgeBaseGatewayInstaller.exe"
"2026-05-17","2026-05-17T17:18:21Z","v1.7.2026.13301","2026-05-12T13:33:59Z","OneFind-macos-arm64-v1.7.dmg","1","https://github.com/iawnfoanaowt/OneFind/releases/download/v1.7.2026.13301/OneFind-macos-arm64-v1.7.dmg"
"2026-05-17","2026-05-17T17:18:21Z","v1.7.2026.13301","2026-05-12T13:33:59Z","OneFindInstaller-windows_1.7.exe","33","https://github.com/iawnfoanaowt/OneFind/releases/download/v1.7.2026.13301/OneFindInstaller-windows_1.7.exe"
"2026-05-17","2026-05-17T17:18:21Z","v1.6.2026.11705","2026-04-26T15:04:28Z","OneFindInstaller_1.6.exe","170","https://github.com/iawnfoanaowt/OneFind/releases/download/v1.6.2026.11705/OneFindInstaller_1.6.exe"
"2026-05-17","2026-05-17T17:18:21Z","v1.5.2026.10704","2026-04-16T08:24:20Z","OneFindInstaller_1.5.exe","107","https://github.com/iawnfoanaowt/OneFind/releases/download/v1.5.2026.10704/OneFindInstaller_1.5.exe"
"2026-05-17","2026-05-17T17:18:21Z","v1.5.2026.10609","2026-04-16T08:11:49Z","OneFindInstaller_1.5.exe","2","https://github.com/iawnfoanaowt/OneFind/releases/download/v1.5.2026.10609/OneFindInstaller_1.5.exe"
"2026-05-17","2026-05-17T17:18:21Z","v1.4.2026.10104","2026-04-11T14:47:23Z","KnowledgeBaseGatewayInstaller.exe","79","https://github.com/iawnfoanaowt/OneFind/releases/download/v1.4.2026.10104/KnowledgeBaseGatewayInstaller.exe"
"2026-05-17","2026-05-17T17:18:21Z","v1.2.2026.10009","2026-04-10T12:55:08Z","KnowledgeBaseGatewayInstaller.exe","28","https://github.com/iawnfoanaowt/OneFind/releases/download/v1.2.2026.10009/KnowledgeBaseGatewayInstaller.exe"
"2026-05-17","2026-05-17T17:18:21Z","v1.1.2026.9903","2026-04-09T13:52:18Z","KnowledgeBaseGatewayInstaller.exe","20","https://github.com/iawnfoanaowt/OneFind/releases/download/v1.1.2026.9903/KnowledgeBaseGatewayInstaller.exe"
"2026-05-18","2026-05-18T18:13:08Z","v1.7.2026.13301","2026-05-12T13:33:59Z","OneFind-macos-arm64-v1.7.dmg","2","https://github.com/iawnfoanaowt/OneFind/releases/download/v1.7.2026.13301/OneFind-macos-arm64-v1.7.dmg"
"2026-05-18","2026-05-18T18:13:08Z","v1.7.2026.13301","2026-05-12T13:33:59Z","OneFindInstaller-windows_1.7.exe","68","https://github.com/iawnfoanaowt/OneFind/releases/download/v1.7.2026.13301/OneFindInstaller-windows_1.7.exe"
"2026-05-18","2026-05-18T18:13:08Z","v1.6.2026.11705","2026-04-26T15:04:28Z","OneFindInstaller_1.6.exe","170","https://github.com/iawnfoanaowt/OneFind/releases/download/v1.6.2026.11705/OneFindInstaller_1.6.exe"
"2026-05-18","2026-05-18T18:13:08Z","v1.5.2026.10704","2026-04-16T08:24:20Z","OneFindInstaller_1.5.exe","107","https://github.com/iawnfoanaowt/OneFind/releases/download/v1.5.2026.10704/OneFindInstaller_1.5.exe"
"2026-05-18","2026-05-18T18:13:08Z","v1.5.2026.10609","2026-04-16T08:11:49Z","OneFindInstaller_1.5.exe","2","https://github.com/iawnfoanaowt/OneFind/releases/download/v1.5.2026.10609/OneFindInstaller_1.5.exe"
"2026-05-18","2026-05-18T18:13:08Z","v1.4.2026.10104","2026-04-11T14:47:23Z","KnowledgeBaseGatewayInstaller.exe","79","https://github.com/iawnfoanaowt/OneFind/releases/download/v1.4.2026.10104/KnowledgeBaseGatewayInstaller.exe"
"2026-05-18","2026-05-18T18:13:08Z","v1.2.2026.10009","2026-04-10T12:55:08Z","KnowledgeBaseGatewayInstaller.exe","28","https://github.com/iawnfoanaowt/OneFind/releases/download/v1.2.2026.10009/KnowledgeBaseGatewayInstaller.exe"
"2026-05-18","2026-05-18T18:13:08Z","v1.1.2026.9903","2026-04-09T13:52:18Z","KnowledgeBaseGatewayInstaller.exe","20","https://github.com/iawnfoanaowt/OneFind/releases/download/v1.1.2026.9903/KnowledgeBaseGatewayInstaller.exe"
"2026-05-19","2026-05-19T18:16:59Z","v1.7.2026.13301","2026-05-12T13:33:59Z","OneFind-macos-arm64-v1.7.dmg","3","https://github.com/iawnfoanaowt/OneFind/releases/download/v1.7.2026.13301/OneFind-macos-arm64-v1.7.dmg"
"2026-05-19","2026-05-19T18:16:59Z","v1.7.2026.13301","2026-05-12T13:33:59Z","OneFindInstaller-windows_1.7.exe","79","https://github.com/iawnfoanaowt/OneFind/releases/download/v1.7.2026.13301/OneFindInstaller-windows_1.7.exe"
"2026-05-19","2026-05-19T18:16:59Z","v1.6.2026.11705","2026-04-26T15:04:28Z","OneFindInstaller_1.6.exe","170","https://github.com/iawnfoanaowt/OneFind/releases/download/v1.6.2026.11705/OneFindInstaller_1.6.exe"
"2026-05-19","2026-05-19T18:16:59Z","v1.5.2026.10704","2026-04-16T08:24:20Z","OneFindInstaller_1.5.exe","107","https://github.com/iawnfoanaowt/OneFind/releases/download/v1.5.2026.10704/OneFindInstaller_1.5.exe"
"2026-05-19","2026-05-19T18:16:59Z","v1.5.2026.10609","2026-04-16T08:11:49Z","OneFindInstaller_1.5.exe","2","https://github.com/iawnfoanaowt/OneFind/releases/download/v1.5.2026.10609/OneFindInstaller_1.5.exe"
"2026-05-19","2026-05-19T18:16:59Z","v1.4.2026.10104","2026-04-11T14:47:23Z","KnowledgeBaseGatewayInstaller.exe","79","https://github.com/iawnfoanaowt/OneFind/releases/download/v1.4.2026.10104/KnowledgeBaseGatewayInstaller.exe"
"2026-05-19","2026-05-19T18:16:59Z","v1.2.2026.10009","2026-04-10T12:55:08Z","KnowledgeBaseGatewayInstaller.exe","28","https://github.com/iawnfoanaowt/OneFind/releases/download/v1.2.2026.10009/KnowledgeBaseGatewayInstaller.exe"
"2026-05-19","2026-05-19T18:16:59Z","v1.1.2026.9903","2026-04-09T13:52:18Z","KnowledgeBaseGatewayInstaller.exe","20","https://github.com/iawnfoanaowt/OneFind/releases/download/v1.1.2026.9903/KnowledgeBaseGatewayInstaller.exe"
"2026-05-20","2026-05-20T18:34:31Z","v1.7.2026.13301","2026-05-12T13:33:59Z","OneFind-macos-arm64-v1.7.dmg","4","https://github.com/iawnfoanaowt/OneFind/releases/download/v1.7.2026.13301/OneFind-macos-arm64-v1.7.dmg"
"2026-05-20","2026-05-20T18:34:31Z","v1.7.2026.13301","2026-05-12T13:33:59Z","OneFindInstaller-windows_1.7.exe","86","https://github.com/iawnfoanaowt/OneFind/releases/download/v1.7.2026.13301/OneFindInstaller-windows_1.7.exe"
"2026-05-20","2026-05-20T18:34:31Z","v1.6.2026.11705","2026-04-26T15:04:28Z","OneFindInstaller_1.6.exe","170","https://github.com/iawnfoanaowt/OneFind/releases/download/v1.6.2026.11705/OneFindInstaller_1.6.exe"
"2026-05-20","2026-05-20T18:34:31Z","v1.5.2026.10704","2026-04-16T08:24:20Z","OneFindInstaller_1.5.exe","107","https://github.com/iawnfoanaowt/OneFind/releases/download/v1.5.2026.10704/OneFindInstaller_1.5.exe"
"2026-05-20","2026-05-20T18:34:31Z","v1.5.2026.10609","2026-04-16T08:11:49Z","OneFindInstaller_1.5.exe","2","https://github.com/iawnfoanaowt/OneFind/releases/download/v1.5.2026.10609/OneFindInstaller_1.5.exe"
"2026-05-20","2026-05-20T18:34:31Z","v1.4.2026.10104","2026-04-11T14:47:23Z","KnowledgeBaseGatewayInstaller.exe","79","https://github.com/iawnfoanaowt/OneFind/releases/download/v1.4.2026.10104/KnowledgeBaseGatewayInstaller.exe"
"2026-05-20","2026-05-20T18:34:31Z","v1.2.2026.10009","2026-04-10T12:55:08Z","KnowledgeBaseGatewayInstaller.exe","28","https://github.com/iawnfoanaowt/OneFind/releases/download/v1.2.2026.10009/KnowledgeBaseGatewayInstaller.exe"
"2026-05-20","2026-05-20T18:34:31Z","v1.1.2026.9903","2026-04-09T13:52:18Z","KnowledgeBaseGatewayInstaller.exe","20","https://github.com/iawnfoanaowt/OneFind/releases/download/v1.1.2026.9903/KnowledgeBaseGatewayInstaller.exe"
"2026-05-21","2026-05-21T18:14:36Z","v1.7.2026.13301","2026-05-12T13:33:59Z","OneFind-macos-arm64-v1.7.dmg","6","https://github.com/iawnfoanaowt/OneFind/releases/download/v1.7.2026.13301/OneFind-macos-arm64-v1.7.dmg"
"2026-05-21","2026-05-21T18:14:36Z","v1.7.2026.13301","2026-05-12T13:33:59Z","OneFindInstaller-windows_1.7.exe","94","https://github.com/iawnfoanaowt/OneFind/releases/download/v1.7.2026.13301/OneFindInstaller-windows_1.7.exe"
"2026-05-21","2026-05-21T18:14:36Z","v1.6.2026.11705","2026-04-26T15:04:28Z","OneFindInstaller_1.6.exe","170","https://github.com/iawnfoanaowt/OneFind/releases/download/v1.6.2026.11705/OneFindInstaller_1.6.exe"
"2026-05-21","2026-05-21T18:14:36Z","v1.5.2026.10704","2026-04-16T08:24:20Z","OneFindInstaller_1.5.exe","107","https://github.com/iawnfoanaowt/OneFind/releases/download/v1.5.2026.10704/OneFindInstaller_1.5.exe"
"2026-05-21","2026-05-21T18:14:36Z","v1.5.2026.10609","2026-04-16T08:11:49Z","OneFindInstaller_1.5.exe","2","https://github.com/iawnfoanaowt/OneFind/releases/download/v1.5.2026.10609/OneFindInstaller_1.5.exe"
"2026-05-21","2026-05-21T18:14:36Z","v1.4.2026.10104","2026-04-11T14:47:23Z","KnowledgeBaseGatewayInstaller.exe","79","https://github.com/iawnfoanaowt/OneFind/releases/download/v1.4.2026.10104/KnowledgeBaseGatewayInstaller.exe"
"2026-05-21","2026-05-21T18:14:36Z","v1.2.2026.10009","2026-04-10T12:55:08Z","KnowledgeBaseGatewayInstaller.exe","28","https://github.com/iawnfoanaowt/OneFind/releases/download/v1.2.2026.10009/KnowledgeBaseGatewayInstaller.exe"
"2026-05-21","2026-05-21T18:14:36Z","v1.1.2026.9903","2026-04-09T13:52:18Z","KnowledgeBaseGatewayInstaller.exe","20","https://github.com/iawnfoanaowt/OneFind/releases/download/v1.1.2026.9903/KnowledgeBaseGatewayInstaller.exe"
"2026-05-22","2026-05-22T18:09:13Z","v1.7.2026.13301","2026-05-12T13:33:59Z","OneFind-macos-arm64-v1.7.dmg","7","https://github.com/iawnfoanaowt/OneFind/releases/download/v1.7.2026.13301/OneFind-macos-arm64-v1.7.dmg"
"2026-05-22","2026-05-22T18:09:13Z","v1.7.2026.13301","2026-05-12T13:33:59Z","OneFindInstaller-windows_1.7.exe","103","https://github.com/iawnfoanaowt/OneFind/releases/download/v1.7.2026.13301/OneFindInstaller-windows_1.7.exe"
"2026-05-22","2026-05-22T18:09:13Z","v1.6.2026.11705","2026-04-26T15:04:28Z","OneFindInstaller_1.6.exe","170","https://github.com/iawnfoanaowt/OneFind/releases/download/v1.6.2026.11705/OneFindInstaller_1.6.exe"
"2026-05-22","2026-05-22T18:09:13Z","v1.5.2026.10704","2026-04-16T08:24:20Z","OneFindInstaller_1.5.exe","107","https://github.com/iawnfoanaowt/OneFind/releases/download/v1.5.2026.10704/OneFindInstaller_1.5.exe"
"2026-05-22","2026-05-22T18:09:13Z","v1.5.2026.10609","2026-04-16T08:11:49Z","OneFindInstaller_1.5.exe","2","https://github.com/iawnfoanaowt/OneFind/releases/download/v1.5.2026.10609/OneFindInstaller_1.5.exe"
"2026-05-22","2026-05-22T18:09:13Z","v1.4.2026.10104","2026-04-11T14:47:23Z","KnowledgeBaseGatewayInstaller.exe","79","https://github.com/iawnfoanaowt/OneFind/releases/download/v1.4.2026.10104/KnowledgeBaseGatewayInstaller.exe"
"2026-05-22","2026-05-22T18:09:13Z","v1.2.2026.10009","2026-04-10T12:55:08Z","KnowledgeBaseGatewayInstaller.exe","28","https://github.com/iawnfoanaowt/OneFind/releases/download/v1.2.2026.10009/KnowledgeBaseGatewayInstaller.exe"
"2026-05-22","2026-05-22T18:09:13Z","v1.1.2026.9903","2026-04-09T13:52:18Z","KnowledgeBaseGatewayInstaller.exe","20","https://github.com/iawnfoanaowt/OneFind/releases/download/v1.1.2026.9903/KnowledgeBaseGatewayInstaller.exe"
"2026-05-23","2026-05-23T17:28:51Z","v1.7.2026.13301","2026-05-12T13:33:59Z","OneFind-macos-arm64-v1.7.dmg","16","https://github.com/iawnfoanaowt/OneFind/releases/download/v1.7.2026.13301/OneFind-macos-arm64-v1.7.dmg"
"2026-05-23","2026-05-23T17:28:51Z","v1.7.2026.13301","2026-05-12T13:33:59Z","OneFindInstaller-windows_1.7.exe","116","https://github.com/iawnfoanaowt/OneFind/releases/download/v1.7.2026.13301/OneFindInstaller-windows_1.7.exe"
"2026-05-23","2026-05-23T17:28:51Z","v1.6.2026.11705","2026-04-26T15:04:28Z","OneFindInstaller_1.6.exe","170","https://github.com/iawnfoanaowt/OneFind/releases/download/v1.6.2026.11705/OneFindInstaller_1.6.exe"
"2026-05-23","2026-05-23T17:28:51Z","v1.5.2026.10704","2026-04-16T08:24:20Z","OneFindInstaller_1.5.exe","107","https://github.com/iawnfoanaowt/OneFind/releases/download/v1.5.2026.10704/OneFindInstaller_1.5.exe"
"2026-05-23","2026-05-23T17:28:51Z","v1.5.2026.10609","2026-04-16T08:11:49Z","OneFindInstaller_1.5.exe","2","https://github.com/iawnfoanaowt/OneFind/releases/download/v1.5.2026.10609/OneFindInstaller_1.5.exe"
"2026-05-23","2026-05-23T17:28:51Z","v1.4.2026.10104","2026-04-11T14:47:23Z","KnowledgeBaseGatewayInstaller.exe","79","https://github.com/iawnfoanaowt/OneFind/releases/download/v1.4.2026.10104/KnowledgeBaseGatewayInstaller.exe"
"2026-05-23","2026-05-23T17:28:51Z","v1.2.2026.10009","2026-04-10T12:55:08Z","KnowledgeBaseGatewayInstaller.exe","28","https://github.com/iawnfoanaowt/OneFind/releases/download/v1.2.2026.10009/KnowledgeBaseGatewayInstaller.exe"
"2026-05-23","2026-05-23T17:28:51Z","v1.1.2026.9903","2026-04-09T13:52:18Z","KnowledgeBaseGatewayInstaller.exe","20","https://github.com/iawnfoanaowt/OneFind/releases/download/v1.1.2026.9903/KnowledgeBaseGatewayInstaller.exe"
"2026-05-24","2026-05-24T17:18:08Z","v1.7.2026.13301","2026-05-12T13:33:59Z","OneFind-macos-arm64-v1.7.dmg","18","https://github.com/iawnfoanaowt/OneFind/releases/download/v1.7.2026.13301/OneFind-macos-arm64-v1.7.dmg"
"2026-05-24","2026-05-24T17:18:08Z","v1.7.2026.13301","2026-05-12T13:33:59Z","OneFindInstaller-windows_1.7.exe","146","https://github.com/iawnfoanaowt/OneFind/releases/download/v1.7.2026.13301/OneFindInstaller-windows_1.7.exe"
"2026-05-24","2026-05-24T17:18:08Z","v1.6.2026.11705","2026-04-26T15:04:28Z","OneFindInstaller_1.6.exe","170","https://github.com/iawnfoanaowt/OneFind/releases/download/v1.6.2026.11705/OneFindInstaller_1.6.exe"
"2026-05-24","2026-05-24T17:18:08Z","v1.5.2026.10704","2026-04-16T08:24:20Z","OneFindInstaller_1.5.exe","107","https://github.com/iawnfoanaowt/OneFind/releases/download/v1.5.2026.10704/OneFindInstaller_1.5.exe"
"2026-05-24","2026-05-24T17:18:08Z","v1.5.2026.10609","2026-04-16T08:11:49Z","OneFindInstaller_1.5.exe","2","https://github.com/iawnfoanaowt/OneFind/releases/download/v1.5.2026.10609/OneFindInstaller_1.5.exe"
"2026-05-24","2026-05-24T17:18:08Z","v1.4.2026.10104","2026-04-11T14:47:23Z","KnowledgeBaseGatewayInstaller.exe","79","https://github.com/iawnfoanaowt/OneFind/releases/download/v1.4.2026.10104/KnowledgeBaseGatewayInstaller.exe"
"2026-05-24","2026-05-24T17:18:08Z","v1.2.2026.10009","2026-04-10T12:55:08Z","KnowledgeBaseGatewayInstaller.exe","28","https://github.com/iawnfoanaowt/OneFind/releases/download/v1.2.2026.10009/KnowledgeBaseGatewayInstaller.exe"
"2026-05-24","2026-05-24T17:18:08Z","v1.1.2026.9903","2026-04-09T13:52:18Z","KnowledgeBaseGatewayInstaller.exe","20","https://github.com/iawnfoanaowt/OneFind/releases/download/v1.1.2026.9903/KnowledgeBaseGatewayInstaller.exe"
"2026-05-25","2026-05-25T18:00:30Z","v1.7.2026.13301","2026-05-12T13:33:59Z","OneFind-macos-arm64-v1.7.dmg","18","https://github.com/iawnfoanaowt/OneFind/releases/download/v1.7.2026.13301/OneFind-macos-arm64-v1.7.dmg"
"2026-05-25","2026-05-25T18:00:30Z","v1.7.2026.13301","2026-05-12T13:33:59Z","OneFindInstaller-windows_1.7.exe","158","https://github.com/iawnfoanaowt/OneFind/releases/download/v1.7.2026.13301/OneFindInstaller-windows_1.7.exe"
"2026-05-25","2026-05-25T18:00:30Z","v1.6.2026.11705","2026-04-26T15:04:28Z","OneFindInstaller_1.6.exe","171","https://github.com/iawnfoanaowt/OneFind/releases/download/v1.6.2026.11705/OneFindInstaller_1.6.exe"
"2026-05-25","2026-05-25T18:00:30Z","v1.5.2026.10704","2026-04-16T08:24:20Z","OneFindInstaller_1.5.exe","107","https://github.com/iawnfoanaowt/OneFind/releases/download/v1.5.2026.10704/OneFindInstaller_1.5.exe"
"2026-05-25","2026-05-25T18:00:30Z","v1.5.2026.10609","2026-04-16T08:11:49Z","OneFindInstaller_1.5.exe","2","https://github.com/iawnfoanaowt/OneFind/releases/download/v1.5.2026.10609/OneFindInstaller_1.5.exe"
"2026-05-25","2026-05-25T18:00:30Z","v1.4.2026.10104","2026-04-11T14:47:23Z","KnowledgeBaseGatewayInstaller.exe","79","https://github.com/iawnfoanaowt/OneFind/releases/download/v1.4.2026.10104/KnowledgeBaseGatewayInstaller.exe"
"2026-05-25","2026-05-25T18:00:30Z","v1.2.2026.10009","2026-04-10T12:55:08Z","KnowledgeBaseGatewayInstaller.exe","28","https://github.com/iawnfoanaowt/OneFind/releases/download/v1.2.2026.10009/KnowledgeBaseGatewayInstaller.exe"
"2026-05-25","2026-05-25T18:00:30Z","v1.1.2026.9903","2026-04-09T13:52:18Z","KnowledgeBaseGatewayInstaller.exe","20","https://github.com/iawnfoanaowt/OneFind/releases/download/v1.1.2026.9903/KnowledgeBaseGatewayInstaller.exe"
"2026-05-26","2026-05-26T18:38:02Z","v1.7.2026.13301","2026-05-12T13:33:59Z","OneFind-macos-arm64-v1.7.dmg","20","https://github.com/iawnfoanaowt/OneFind/releases/download/v1.7.2026.13301/OneFind-macos-arm64-v1.7.dmg"
"2026-05-26","2026-05-26T18:38:02Z","v1.7.2026.13301","2026-05-12T13:33:59Z","OneFindInstaller-windows_1.7.exe","164","https://github.com/iawnfoanaowt/OneFind/releases/download/v1.7.2026.13301/OneFindInstaller-windows_1.7.exe"
"2026-05-26","2026-05-26T18:38:02Z","v1.6.2026.11705","2026-04-26T15:04:28Z","OneFindInstaller_1.6.exe","171","https://github.com/iawnfoanaowt/OneFind/releases/download/v1.6.2026.11705/OneFindInstaller_1.6.exe"
"2026-05-26","2026-05-26T18:38:02Z","v1.5.2026.10704","2026-04-16T08:24:20Z","OneFindInstaller_1.5.exe","107","https://github.com/iawnfoanaowt/OneFind/releases/download/v1.5.2026.10704/OneFindInstaller_1.5.exe"
"2026-05-26","2026-05-26T18:38:02Z","v1.5.2026.10609","2026-04-16T08:11:49Z","OneFindInstaller_1.5.exe","2","https://github.com/iawnfoanaowt/OneFind/releases/download/v1.5.2026.10609/OneFindInstaller_1.5.exe"
"2026-05-26","2026-05-26T18:38:02Z","v1.4.2026.10104","2026-04-11T14:47:23Z","KnowledgeBaseGatewayInstaller.exe","79","https://github.com/iawnfoanaowt/OneFind/releases/download/v1.4.2026.10104/KnowledgeBaseGatewayInstaller.exe"
"2026-05-26","2026-05-26T18:38:02Z","v1.2.2026.10009","2026-04-10T12:55:08Z","KnowledgeBaseGatewayInstaller.exe","28","https://github.com/iawnfoanaowt/OneFind/releases/download/v1.2.2026.10009/KnowledgeBaseGatewayInstaller.exe"
"2026-05-26","2026-05-26T18:38:02Z","v1.1.2026.9903","2026-04-09T13:52:18Z","KnowledgeBaseGatewayInstaller.exe","20","https://github.com/iawnfoanaowt/OneFind/releases/download/v1.1.2026.9903/KnowledgeBaseGatewayInstaller.exe"
"2026-05-27","2026-05-27T18:35:18Z","v1.7.2026.13301","2026-05-12T13:33:59Z","OneFind-macos-arm64-v1.7.dmg","21","https://github.com/iawnfoanaowt/OneFind/releases/download/v1.7.2026.13301/OneFind-macos-arm64-v1.7.dmg"
"2026-05-27","2026-05-27T18:35:18Z","v1.7.2026.13301","2026-05-12T13:33:59Z","OneFindInstaller-windows_1.7.exe","179","https://github.com/iawnfoanaowt/OneFind/releases/download/v1.7.2026.13301/OneFindInstaller-windows_1.7.exe"
"2026-05-27","2026-05-27T18:35:18Z","v1.6.2026.11705","2026-04-26T15:04:28Z","OneFindInstaller_1.6.exe","171","https://github.com/iawnfoanaowt/OneFind/releases/download/v1.6.2026.11705/OneFindInstaller_1.6.exe"
"2026-05-27","2026-05-27T18:35:18Z","v1.5.2026.10704","2026-04-16T08:24:20Z","OneFindInstaller_1.5.exe","107","https://github.com/iawnfoanaowt/OneFind/releases/download/v1.5.2026.10704/OneFindInstaller_1.5.exe"
"2026-05-27","2026-05-27T18:35:18Z","v1.5.2026.10609","2026-04-16T08:11:49Z","OneFindInstaller_1.5.exe","2","https://github.com/iawnfoanaowt/OneFind/releases/download/v1.5.2026.10609/OneFindInstaller_1.5.exe"
"2026-05-27","2026-05-27T18:35:18Z","v1.4.2026.10104","2026-04-11T14:47:23Z","KnowledgeBaseGatewayInstaller.exe","79","https://github.com/iawnfoanaowt/OneFind/releases/download/v1.4.2026.10104/KnowledgeBaseGatewayInstaller.exe"
"2026-05-27","2026-05-27T18:35:18Z","v1.2.2026.10009","2026-04-10T12:55:08Z","KnowledgeBaseGatewayInstaller.exe","28","https://github.com/iawnfoanaowt/OneFind/releases/download/v1.2.2026.10009/KnowledgeBaseGatewayInstaller.exe"
"2026-05-27","2026-05-27T18:35:18Z","v1.1.2026.9903","2026-04-09T13:52:18Z","KnowledgeBaseGatewayInstaller.exe","20","https://github.com/iawnfoanaowt/OneFind/releases/download/v1.1.2026.9903/KnowledgeBaseGatewayInstaller.exe"
"2026-05-28","2026-05-28T18:44:36Z","v1.7.2026.13301","2026-05-12T13:33:59Z","OneFind-macos-arm64-v1.7.dmg","23","https://github.com/iawnfoanaowt/OneFind/releases/download/v1.7.2026.13301/OneFind-macos-arm64-v1.7.dmg"
"2026-05-28","2026-05-28T18:44:36Z","v1.7.2026.13301","2026-05-12T13:33:59Z","OneFindInstaller-windows_1.7.exe","196","https://github.com/iawnfoanaowt/OneFind/releases/download/v1.7.2026.13301/OneFindInstaller-windows_1.7.exe"
"2026-05-28","2026-05-28T18:44:36Z","v1.6.2026.11705","2026-04-26T15:04:28Z","OneFindInstaller_1.6.exe","171","https://github.com/iawnfoanaowt/OneFind/releases/download/v1.6.2026.11705/OneFindInstaller_1.6.exe"
"2026-05-28","2026-05-28T18:44:36Z","v1.5.2026.10704","2026-04-16T08:24:20Z","OneFindInstaller_1.5.exe","107","https://github.com/iawnfoanaowt/OneFind/releases/download/v1.5.2026.10704/OneFindInstaller_1.5.exe"
"2026-05-28","2026-05-28T18:44:36Z","v1.5.2026.10609","2026-04-16T08:11:49Z","OneFindInstaller_1.5.exe","2","https://github.com/iawnfoanaowt/OneFind/releases/download/v1.5.2026.10609/OneFindInstaller_1.5.exe"
"2026-05-28","2026-05-28T18:44:36Z","v1.4.2026.10104","2026-04-11T14:47:23Z","KnowledgeBaseGatewayInstaller.exe","79","https://github.com/iawnfoanaowt/OneFind/releases/download/v1.4.2026.10104/KnowledgeBaseGatewayInstaller.exe"
"2026-05-28","2026-05-28T18:44:36Z","v1.2.2026.10009","2026-04-10T12:55:08Z","KnowledgeBaseGatewayInstaller.exe","28","https://github.com/iawnfoanaowt/OneFind/releases/download/v1.2.2026.10009/KnowledgeBaseGatewayInstaller.exe"
"2026-05-28","2026-05-28T18:44:36Z","v1.1.2026.9903","2026-04-09T13:52:18Z","KnowledgeBaseGatewayInstaller.exe","20","https://github.com/iawnfoanaowt/OneFind/releases/download/v1.1.2026.9903/KnowledgeBaseGatewayInstaller.exe"
"2026-05-29","2026-05-29T18:43:54Z","v1.7.2026.13301","2026-05-12T13:33:59Z","OneFind-macos-arm64-v1.7.dmg","26","https://github.com/iawnfoanaowt/OneFind/releases/download/v1.7.2026.13301/OneFind-macos-arm64-v1.7.dmg"
"2026-05-29","2026-05-29T18:43:54Z","v1.7.2026.13301","2026-05-12T13:33:59Z","OneFindInstaller-windows_1.7.exe","201","https://github.com/iawnfoanaowt/OneFind/releases/download/v1.7.2026.13301/OneFindInstaller-windows_1.7.exe"
"2026-05-29","2026-05-29T18:43:54Z","v1.6.2026.11705","2026-04-26T15:04:28Z","OneFindInstaller_1.6.exe","171","https://github.com/iawnfoanaowt/OneFind/releases/download/v1.6.2026.11705/OneFindInstaller_1.6.exe"
"2026-05-29","2026-05-29T18:43:54Z","v1.5.2026.10704","2026-04-16T08:24:20Z","OneFindInstaller_1.5.exe","107","https://github.com/iawnfoanaowt/OneFind/releases/download/v1.5.2026.10704/OneFindInstaller_1.5.exe"
"2026-05-29","2026-05-29T18:43:54Z","v1.5.2026.10609","2026-04-16T08:11:49Z","OneFindInstaller_1.5.exe","2","https://github.com/iawnfoanaowt/OneFind/releases/download/v1.5.2026.10609/OneFindInstaller_1.5.exe"
"2026-05-29","2026-05-29T18:43:54Z","v1.4.2026.10104","2026-04-11T14:47:23Z","KnowledgeBaseGatewayInstaller.exe","79","https://github.com/iawnfoanaowt/OneFind/releases/download/v1.4.2026.10104/KnowledgeBaseGatewayInstaller.exe"
"2026-05-29","2026-05-29T18:43:54Z","v1.2.2026.10009","2026-04-10T12:55:08Z","KnowledgeBaseGatewayInstaller.exe","28","https://github.com/iawnfoanaowt/OneFind/releases/download/v1.2.2026.10009/KnowledgeBaseGatewayInstaller.exe"
"2026-05-29","2026-05-29T18:43:54Z","v1.1.2026.9903","2026-04-09T13:52:18Z","KnowledgeBaseGatewayInstaller.exe","20","https://github.com/iawnfoanaowt/OneFind/releases/download/v1.1.2026.9903/KnowledgeBaseGatewayInstaller.exe"
"2026-05-30","2026-05-30T17:31:47Z","v1.7.2026.13301","2026-05-12T13:33:59Z","OneFind-macos-arm64-v1.7.dmg","29","https://github.com/iawnfoanaowt/OneFind/releases/download/v1.7.2026.13301/OneFind-macos-arm64-v1.7.dmg"
"2026-05-30","2026-05-30T17:31:47Z","v1.7.2026.13301","2026-05-12T13:33:59Z","OneFindInstaller-windows_1.7.exe","210","https://github.com/iawnfoanaowt/OneFind/releases/download/v1.7.2026.13301/OneFindInstaller-windows_1.7.exe"
"2026-05-30","2026-05-30T17:31:47Z","v1.6.2026.11705","2026-04-26T15:04:28Z","OneFindInstaller_1.6.exe","171","https://github.com/iawnfoanaowt/OneFind/releases/download/v1.6.2026.11705/OneFindInstaller_1.6.exe"
"2026-05-30","2026-05-30T17:31:47Z","v1.5.2026.10704","2026-04-16T08:24:20Z","OneFindInstaller_1.5.exe","107","https://github.com/iawnfoanaowt/OneFind/releases/download/v1.5.2026.10704/OneFindInstaller_1.5.exe"
"2026-05-30","2026-05-30T17:31:47Z","v1.5.2026.10609","2026-04-16T08:11:49Z","OneFindInstaller_1.5.exe","2","https://github.com/iawnfoanaowt/OneFind/releases/download/v1.5.2026.10609/OneFindInstaller_1.5.exe"
"2026-05-30","2026-05-30T17:31:47Z","v1.4.2026.10104","2026-04-11T14:47:23Z","KnowledgeBaseGatewayInstaller.exe","79","https://github.com/iawnfoanaowt/OneFind/releases/download/v1.4.2026.10104/KnowledgeBaseGatewayInstaller.exe"
"2026-05-30","2026-05-30T17:31:47Z","v1.2.2026.10009","2026-04-10T12:55:08Z","KnowledgeBaseGatewayInstaller.exe","28","https://github.com/iawnfoanaowt/OneFind/releases/download/v1.2.2026.10009/KnowledgeBaseGatewayInstaller.exe"
"2026-05-30","2026-05-30T17:31:47Z","v1.1.2026.9903","2026-04-09T13:52:18Z","KnowledgeBaseGatewayInstaller.exe","20","https://github.com/iawnfoanaowt/OneFind/releases/download/v1.1.2026.9903/KnowledgeBaseGatewayInstaller.exe"
"2026-05-31","2026-05-31T17:32:18Z","v1.7.2026.13301","2026-05-12T13:33:59Z","OneFind-macos-arm64-v1.7.dmg","36","https://github.com/iawnfoanaowt/OneFind/releases/download/v1.7.2026.13301/OneFind-macos-arm64-v1.7.dmg"
"2026-05-31","2026-05-31T17:32:18Z","v1.7.2026.13301","2026-05-12T13:33:59Z","OneFindInstaller-windows_1.7.exe","227","https://github.com/iawnfoanaowt/OneFind/releases/download/v1.7.2026.13301/OneFindInstaller-windows_1.7.exe"
"2026-05-31","2026-05-31T17:32:18Z","v1.6.2026.11705","2026-04-26T15:04:28Z","OneFindInstaller_1.6.exe","171","https://github.com/iawnfoanaowt/OneFind/releases/download/v1.6.2026.11705/OneFindInstaller_1.6.exe"
"2026-05-31","2026-05-31T17:32:18Z","v1.5.2026.10704","2026-04-16T08:24:20Z","OneFindInstaller_1.5.exe","107","https://github.com/iawnfoanaowt/OneFind/releases/download/v1.5.2026.10704/OneFindInstaller_1.5.exe"
"2026-05-31","2026-05-31T17:32:18Z","v1.5.2026.10609","2026-04-16T08:11:49Z","OneFindInstaller_1.5.exe","2","https://github.com/iawnfoanaowt/OneFind/releases/download/v1.5.2026.10609/OneFindInstaller_1.5.exe"
"2026-05-31","2026-05-31T17:32:18Z","v1.4.2026.10104","2026-04-11T14:47:23Z","KnowledgeBaseGatewayInstaller.exe","79","https://github.com/iawnfoanaowt/OneFind/releases/download/v1.4.2026.10104/KnowledgeBaseGatewayInstaller.exe"
"2026-05-31","2026-05-31T17:32:18Z","v1.2.2026.10009","2026-04-10T12:55:08Z","KnowledgeBaseGatewayInstaller.exe","28","https://github.com/iawnfoanaowt/OneFind/releases/download/v1.2.2026.10009/KnowledgeBaseGatewayInstaller.exe"
"2026-05-31","2026-05-31T17:32:18Z","v1.1.2026.9903","2026-04-09T13:52:18Z","KnowledgeBaseGatewayInstaller.exe","20","https://github.com/iawnfoanaowt/OneFind/releases/download/v1.1.2026.9903/KnowledgeBaseGatewayInstaller.exe"
"2026-06-01","2026-06-01T20:37:09Z","v1.7.2026.13301","2026-05-12T13:33:59Z","OneFind-macos-arm64-v1.7.dmg","38","https://github.com/iawnfoanaowt/OneFind/releases/download/v1.7.2026.13301/OneFind-macos-arm64-v1.7.dmg"
"2026-06-01","2026-06-01T20:37:09Z","v1.7.2026.13301","2026-05-12T13:33:59Z","OneFindInstaller-windows_1.7.exe","239","https://github.com/iawnfoanaowt/OneFind/releases/download/v1.7.2026.13301/OneFindInstaller-windows_1.7.exe"
"2026-06-01","2026-06-01T20:37:09Z","v1.6.2026.11705","2026-04-26T15:04:28Z","OneFindInstaller_1.6.exe","171","https://github.com/iawnfoanaowt/OneFind/releases/download/v1.6.2026.11705/OneFindInstaller_1.6.exe"
"2026-06-01","2026-06-01T20:37:09Z","v1.5.2026.10704","2026-04-16T08:24:20Z","OneFindInstaller_1.5.exe","107","https://github.com/iawnfoanaowt/OneFind/releases/download/v1.5.2026.10704/OneFindInstaller_1.5.exe"
"2026-06-01","2026-06-01T20:37:09Z","v1.5.2026.10609","2026-04-16T08:11:49Z","OneFindInstaller_1.5.exe","2","https://github.com/iawnfoanaowt/OneFind/releases/download/v1.5.2026.10609/OneFindInstaller_1.5.exe"
"2026-06-01","2026-06-01T20:37:09Z","v1.4.2026.10104","2026-04-11T14:47:23Z","KnowledgeBaseGatewayInstaller.exe","79","https://github.com/iawnfoanaowt/OneFind/releases/download/v1.4.2026.10104/KnowledgeBaseGatewayInstaller.exe"
"2026-06-01","2026-06-01T20:37:09Z","v1.2.2026.10009","2026-04-10T12:55:08Z","KnowledgeBaseGatewayInstaller.exe","28","https://github.com/iawnfoanaowt/OneFind/releases/download/v1.2.2026.10009/KnowledgeBaseGatewayInstaller.exe"
"2026-06-01","2026-06-01T20:37:09Z","v1.1.2026.9903","2026-04-09T13:52:18Z","KnowledgeBaseGatewayInstaller.exe","20","https://github.com/iawnfoanaowt/OneFind/releases/download/v1.1.2026.9903/KnowledgeBaseGatewayInstaller.exe"
"2026-06-02","2026-06-02T19:54:13Z","v1.7.2026.13301","2026-05-12T13:33:59Z","OneFind-macos-arm64-v1.7.dmg","39","https://github.com/iawnfoanaowt/OneFind/releases/download/v1.7.2026.13301/OneFind-macos-arm64-v1.7.dmg"
"2026-06-02","2026-06-02T19:54:13Z","v1.7.2026.13301","2026-05-12T13:33:59Z","OneFindInstaller-windows_1.7.exe","251","https://github.com/iawnfoanaowt/OneFind/releases/download/v1.7.2026.13301/OneFindInstaller-windows_1.7.exe"
"2026-06-02","2026-06-02T19:54:13Z","v1.6.2026.11705","2026-04-26T15:04:28Z","OneFindInstaller_1.6.exe","172","https://github.com/iawnfoanaowt/OneFind/releases/download/v1.6.2026.11705/OneFindInstaller_1.6.exe"
"2026-06-02","2026-06-02T19:54:13Z","v1.5.2026.10704","2026-04-16T08:24:20Z","OneFindInstaller_1.5.exe","107","https://github.com/iawnfoanaowt/OneFind/releases/download/v1.5.2026.10704/OneFindInstaller_1.5.exe"
"2026-06-02","2026-06-02T19:54:13Z","v1.5.2026.10609","2026-04-16T08:11:49Z","OneFindInstaller_1.5.exe","2","https://github.com/iawnfoanaowt/OneFind/releases/download/v1.5.2026.10609/OneFindInstaller_1.5.exe"
"2026-06-02","2026-06-02T19:54:13Z","v1.4.2026.10104","2026-04-11T14:47:23Z","KnowledgeBaseGatewayInstaller.exe","79","https://github.com/iawnfoanaowt/OneFind/releases/download/v1.4.2026.10104/KnowledgeBaseGatewayInstaller.exe"
"2026-06-02","2026-06-02T19:54:13Z","v1.2.2026.10009","2026-04-10T12:55:08Z","KnowledgeBaseGatewayInstaller.exe","28","https://github.com/iawnfoanaowt/OneFind/releases/download/v1.2.2026.10009/KnowledgeBaseGatewayInstaller.exe"
"2026-06-02","2026-06-02T19:54:13Z","v1.1.2026.9903","2026-04-09T13:52:18Z","KnowledgeBaseGatewayInstaller.exe","20","https://github.com/iawnfoanaowt/OneFind/releases/download/v1.1.2026.9903/KnowledgeBaseGatewayInstaller.exe"
"2026-06-03","2026-06-03T19:58:36Z","v1.7.2026.13301","2026-05-12T13:33:59Z","OneFind-macos-arm64-v1.7.dmg","42","https://github.com/iawnfoanaowt/OneFind/releases/download/v1.7.2026.13301/OneFind-macos-arm64-v1.7.dmg"
"2026-06-03","2026-06-03T19:58:36Z","v1.7.2026.13301","2026-05-12T13:33:59Z","OneFindInstaller-windows_1.7.exe","263","https://github.com/iawnfoanaowt/OneFind/releases/download/v1.7.2026.13301/OneFindInstaller-windows_1.7.exe"
"2026-06-03","2026-06-03T19:58:36Z","v1.6.2026.11705","2026-04-26T15:04:28Z","OneFindInstaller_1.6.exe","172","https://github.com/iawnfoanaowt/OneFind/releases/download/v1.6.2026.11705/OneFindInstaller_1.6.exe"
"2026-06-03","2026-06-03T19:58:36Z","v1.5.2026.10704","2026-04-16T08:24:20Z","OneFindInstaller_1.5.exe","107","https://github.com/iawnfoanaowt/OneFind/releases/download/v1.5.2026.10704/OneFindInstaller_1.5.exe"
"2026-06-03","2026-06-03T19:58:36Z","v1.5.2026.10609","2026-04-16T08:11:49Z","OneFindInstaller_1.5.exe","2","https://github.com/iawnfoanaowt/OneFind/releases/download/v1.5.2026.10609/OneFindInstaller_1.5.exe"
"2026-06-03","2026-06-03T19:58:36Z","v1.4.2026.10104","2026-04-11T14:47:23Z","KnowledgeBaseGatewayInstaller.exe","79","https://github.com/iawnfoanaowt/OneFind/releases/download/v1.4.2026.10104/KnowledgeBaseGatewayInstaller.exe"
"2026-06-03","2026-06-03T19:58:36Z","v1.2.2026.10009","2026-04-10T12:55:08Z","KnowledgeBaseGatewayInstaller.exe","28","https://github.com/iawnfoanaowt/OneFind/releases/download/v1.2.2026.10009/KnowledgeBaseGatewayInstaller.exe"
"2026-06-03","2026-06-03T19:58:36Z","v1.1.2026.9903","2026-04-09T13:52:18Z","KnowledgeBaseGatewayInstaller.exe","20","https://github.com/iawnfoanaowt/OneFind/releases/download/v1.1.2026.9903/KnowledgeBaseGatewayInstaller.exe"
"2026-06-04","2026-06-04T18:30:49Z","v1.7.2026.13301","2026-05-12T13:33:59Z","OneFind-macos-arm64-v1.7.dmg","44","https://github.com/iawnfoanaowt/OneFind/releases/download/v1.7.2026.13301/OneFind-macos-arm64-v1.7.dmg"
"2026-06-04","2026-06-04T18:30:49Z","v1.7.2026.13301","2026-05-12T13:33:59Z","OneFindInstaller-windows_1.7.exe","275","https://github.com/iawnfoanaowt/OneFind/releases/download/v1.7.2026.13301/OneFindInstaller-windows_1.7.exe"
"2026-06-04","2026-06-04T18:30:49Z","v1.6.2026.11705","2026-04-26T15:04:28Z","OneFindInstaller_1.6.exe","172","https://github.com/iawnfoanaowt/OneFind/releases/download/v1.6.2026.11705/OneFindInstaller_1.6.exe"
"2026-06-04","2026-06-04T18:30:49Z","v1.5.2026.10704","2026-04-16T08:24:20Z","OneFindInstaller_1.5.exe","107","https://github.com/iawnfoanaowt/OneFind/releases/download/v1.5.2026.10704/OneFindInstaller_1.5.exe"
"2026-06-04","2026-06-04T18:30:49Z","v1.5.2026.10609","2026-04-16T08:11:49Z","OneFindInstaller_1.5.exe","2","https://github.com/iawnfoanaowt/OneFind/releases/download/v1.5.2026.10609/OneFindInstaller_1.5.exe"
"2026-06-04","2026-06-04T18:30:49Z","v1.4.2026.10104","2026-04-11T14:47:23Z","KnowledgeBaseGatewayInstaller.exe","79","https://github.com/iawnfoanaowt/OneFind/releases/download/v1.4.2026.10104/KnowledgeBaseGatewayInstaller.exe"
"2026-06-04","2026-06-04T18:30:49Z","v1.2.2026.10009","2026-04-10T12:55:08Z","KnowledgeBaseGatewayInstaller.exe","28","https://github.com/iawnfoanaowt/OneFind/releases/download/v1.2.2026.10009/KnowledgeBaseGatewayInstaller.exe"
"2026-06-04","2026-06-04T18:30:49Z","v1.1.2026.9903","2026-04-09T13:52:18Z","KnowledgeBaseGatewayInstaller.exe","20","https://github.com/iawnfoanaowt/OneFind/releases/download/v1.1.2026.9903/KnowledgeBaseGatewayInstaller.exe"
"2026-06-05","2026-06-05T18:14:51Z","v1.7.2026.13301","2026-05-12T13:33:59Z","OneFind-macos-arm64-v1.7.dmg","44","https://github.com/iawnfoanaowt/OneFind/releases/download/v1.7.2026.13301/OneFind-macos-arm64-v1.7.dmg"
"2026-06-05","2026-06-05T18:14:51Z","v1.7.2026.13301","2026-05-12T13:33:59Z","OneFindInstaller-windows_1.7.exe","281","https://github.com/iawnfoanaowt/OneFind/releases/download/v1.7.2026.13301/OneFindInstaller-windows_1.7.exe"
"2026-06-05","2026-06-05T18:14:51Z","v1.6.2026.11705","2026-04-26T15:04:28Z","OneFindInstaller_1.6.exe","172","https://github.com/iawnfoanaowt/OneFind/releases/download/v1.6.2026.11705/OneFindInstaller_1.6.exe"
"2026-06-05","2026-06-05T18:14:51Z","v1.5.2026.10704","2026-04-16T08:24:20Z","OneFindInstaller_1.5.exe","107","https://github.com/iawnfoanaowt/OneFind/releases/download/v1.5.2026.10704/OneFindInstaller_1.5.exe"
"2026-06-05","2026-06-05T18:14:51Z","v1.5.2026.10609","2026-04-16T08:11:49Z","OneFindInstaller_1.5.exe","2","https://github.com/iawnfoanaowt/OneFind/releases/download/v1.5.2026.10609/OneFindInstaller_1.5.exe"
"2026-06-05","2026-06-05T18:14:51Z","v1.4.2026.10104","2026-04-11T14:47:23Z","KnowledgeBaseGatewayInstaller.exe","79","https://github.com/iawnfoanaowt/OneFind/releases/download/v1.4.2026.10104/KnowledgeBaseGatewayInstaller.exe"
"2026-06-05","2026-06-05T18:14:51Z","v1.2.2026.10009","2026-04-10T12:55:08Z","KnowledgeBaseGatewayInstaller.exe","28","https://github.com/iawnfoanaowt/OneFind/releases/download/v1.2.2026.10009/KnowledgeBaseGatewayInstaller.exe"
"2026-06-05","2026-06-05T18:14:51Z","v1.1.2026.9903","2026-04-09T13:52:18Z","KnowledgeBaseGatewayInstaller.exe","20","https://github.com/iawnfoanaowt/OneFind/releases/download/v1.1.2026.9903/KnowledgeBaseGatewayInstaller.exe"
"2026-06-06","2026-06-06T17:36:01Z","v1.7.2026.13301","2026-05-12T13:33:59Z","OneFind-macos-arm64-v1.7.dmg","44","https://github.com/iawnfoanaowt/OneFind/releases/download/v1.7.2026.13301/OneFind-macos-arm64-v1.7.dmg"
"2026-06-06","2026-06-06T17:36:01Z","v1.7.2026.13301","2026-05-12T13:33:59Z","OneFindInstaller-windows_1.7.exe","284","https://github.com/iawnfoanaowt/OneFind/releases/download/v1.7.2026.13301/OneFindInstaller-windows_1.7.exe"
"2026-06-06","2026-06-06T17:36:01Z","v1.6.2026.11705","2026-04-26T15:04:28Z","OneFindInstaller_1.6.exe","172","https://github.com/iawnfoanaowt/OneFind/releases/download/v1.6.2026.11705/OneFindInstaller_1.6.exe"
"2026-06-06","2026-06-06T17:36:01Z","v1.5.2026.10704","2026-04-16T08:24:20Z","OneFindInstaller_1.5.exe","107","https://github.com/iawnfoanaowt/OneFind/releases/download/v1.5.2026.10704/OneFindInstaller_1.5.exe"
"2026-06-06","2026-06-06T17:36:01Z","v1.5.2026.10609","2026-04-16T08:11:49Z","OneFindInstaller_1.5.exe","2","https://github.com/iawnfoanaowt/OneFind/releases/download/v1.5.2026.10609/OneFindInstaller_1.5.exe"
"2026-06-06","2026-06-06T17:36:01Z","v1.4.2026.10104","2026-04-11T14:47:23Z","KnowledgeBaseGatewayInstaller.exe","79","https://github.com/iawnfoanaowt/OneFind/releases/download/v1.4.2026.10104/KnowledgeBaseGatewayInstaller.exe"
"2026-06-06","2026-06-06T17:36:01Z","v1.2.2026.10009","2026-04-10T12:55:08Z","KnowledgeBaseGatewayInstaller.exe","28","https://github.com/iawnfoanaowt/OneFind/releases/download/v1.2.2026.10009/KnowledgeBaseGatewayInstaller.exe"
"2026-06-06","2026-06-06T17:36:01Z","v1.1.2026.9903","2026-04-09T13:52:18Z","KnowledgeBaseGatewayInstaller.exe","20","https://github.com/iawnfoanaowt/OneFind/releases/download/v1.1.2026.9903/KnowledgeBaseGatewayInstaller.exe"
"2026-06-07","2026-06-07T17:42:04Z","v1.7.2026.13301","2026-05-12T13:33:59Z","OneFind-macos-arm64-v1.7.dmg","46","https://github.com/iawnfoanaowt/OneFind/releases/download/v1.7.2026.13301/OneFind-macos-arm64-v1.7.dmg"
"2026-06-07","2026-06-07T17:42:04Z","v1.7.2026.13301","2026-05-12T13:33:59Z","OneFindInstaller-windows_1.7.exe","296","https://github.com/iawnfoanaowt/OneFind/releases/download/v1.7.2026.13301/OneFindInstaller-windows_1.7.exe"
"2026-06-07","2026-06-07T17:42:04Z","v1.6.2026.11705","2026-04-26T15:04:28Z","OneFindInstaller_1.6.exe","173","https://github.com/iawnfoanaowt/OneFind/releases/download/v1.6.2026.11705/OneFindInstaller_1.6.exe"
"2026-06-07","2026-06-07T17:42:04Z","v1.5.2026.10704","2026-04-16T08:24:20Z","OneFindInstaller_1.5.exe","107","https://github.com/iawnfoanaowt/OneFind/releases/download/v1.5.2026.10704/OneFindInstaller_1.5.exe"
"2026-06-07","2026-06-07T17:42:04Z","v1.5.2026.10609","2026-04-16T08:11:49Z","OneFindInstaller_1.5.exe","2","https://github.com/iawnfoanaowt/OneFind/releases/download/v1.5.2026.10609/OneFindInstaller_1.5.exe"
"2026-06-07","2026-06-07T17:42:04Z","v1.4.2026.10104","2026-04-11T14:47:23Z","KnowledgeBaseGatewayInstaller.exe","79","https://github.com/iawnfoanaowt/OneFind/releases/download/v1.4.2026.10104/KnowledgeBaseGatewayInstaller.exe"
"2026-06-07","2026-06-07T17:42:04Z","v1.2.2026.10009","2026-04-10T12:55:08Z","KnowledgeBaseGatewayInstaller.exe","28","https://github.com/iawnfoanaowt/OneFind/releases/download/v1.2.2026.10009/KnowledgeBaseGatewayInstaller.exe"
"2026-06-07","2026-06-07T17:42:04Z","v1.1.2026.9903","2026-04-09T13:52:18Z","KnowledgeBaseGatewayInstaller.exe","21","https://github.com/iawnfoanaowt/OneFind/releases/download/v1.1.2026.9903/KnowledgeBaseGatewayInstaller.exe"
"2026-06-08","2026-06-08T18:37:13Z","v1.7.2026.13301","2026-05-12T13:33:59Z","OneFind-macos-arm64-v1.7.dmg","46","https://github.com/iawnfoanaowt/OneFind/releases/download/v1.7.2026.13301/OneFind-macos-arm64-v1.7.dmg"
"2026-06-08","2026-06-08T18:37:13Z","v1.7.2026.13301","2026-05-12T13:33:59Z","OneFindInstaller-windows_1.7.exe","302","https://github.com/iawnfoanaowt/OneFind/releases/download/v1.7.2026.13301/OneFindInstaller-windows_1.7.exe"
"2026-06-08","2026-06-08T18:37:13Z","v1.6.2026.11705","2026-04-26T15:04:28Z","OneFindInstaller_1.6.exe","173","https://github.com/iawnfoanaowt/OneFind/releases/download/v1.6.2026.11705/OneFindInstaller_1.6.exe"
"2026-06-08","2026-06-08T18:37:13Z","v1.5.2026.10704","2026-04-16T08:24:20Z","OneFindInstaller_1.5.exe","107","https://github.com/iawnfoanaowt/OneFind/releases/download/v1.5.2026.10704/OneFindInstaller_1.5.exe"
"2026-06-08","2026-06-08T18:37:13Z","v1.5.2026.10609","2026-04-16T08:11:49Z","OneFindInstaller_1.5.exe","2","https://github.com/iawnfoanaowt/OneFind/releases/download/v1.5.2026.10609/OneFindInstaller_1.5.exe"
"2026-06-08","2026-06-08T18:37:13Z","v1.4.2026.10104","2026-04-11T14:47:23Z","KnowledgeBaseGatewayInstaller.exe","79","https://github.com/iawnfoanaowt/OneFind/releases/download/v1.4.2026.10104/KnowledgeBaseGatewayInstaller.exe"
"2026-06-08","2026-06-08T18:37:13Z","v1.2.2026.10009","2026-04-10T12:55:08Z","KnowledgeBaseGatewayInstaller.exe","28","https://github.com/iawnfoanaowt/OneFind/releases/download/v1.2.2026.10009/KnowledgeBaseGatewayInstaller.exe"
"2026-06-08","2026-06-08T18:37:13Z","v1.1.2026.9903","2026-04-09T13:52:18Z","KnowledgeBaseGatewayInstaller.exe","21","https://github.com/iawnfoanaowt/OneFind/releases/download/v1.1.2026.9903/KnowledgeBaseGatewayInstaller.exe"
"2026-06-09","2026-06-09T18:23:27Z","v1.7.2026.13301","2026-05-12T13:33:59Z","OneFind-macos-arm64-v1.7.dmg","49","https://github.com/iawnfoanaowt/OneFind/releases/download/v1.7.2026.13301/OneFind-macos-arm64-v1.7.dmg"
"2026-06-09","2026-06-09T18:23:27Z","v1.7.2026.13301","2026-05-12T13:33:59Z","OneFindInstaller-windows_1.7.exe","309","https://github.com/iawnfoanaowt/OneFind/releases/download/v1.7.2026.13301/OneFindInstaller-windows_1.7.exe"
"2026-06-09","2026-06-09T18:23:27Z","v1.6.2026.11705","2026-04-26T15:04:28Z","OneFindInstaller_1.6.exe","173","https://github.com/iawnfoanaowt/OneFind/releases/download/v1.6.2026.11705/OneFindInstaller_1.6.exe"
"2026-06-09","2026-06-09T18:23:27Z","v1.5.2026.10704","2026-04-16T08:24:20Z","OneFindInstaller_1.5.exe","107","https://github.com/iawnfoanaowt/OneFind/releases/download/v1.5.2026.10704/OneFindInstaller_1.5.exe"
"2026-06-09","2026-06-09T18:23:27Z","v1.5.2026.10609","2026-04-16T08:11:49Z","OneFindInstaller_1.5.exe","2","https://github.com/iawnfoanaowt/OneFind/releases/download/v1.5.2026.10609/OneFindInstaller_1.5.exe"
"2026-06-09","2026-06-09T18:23:27Z","v1.4.2026.10104","2026-04-11T14:47:23Z","KnowledgeBaseGatewayInstaller.exe","79","https://github.com/iawnfoanaowt/OneFind/releases/download/v1.4.2026.10104/KnowledgeBaseGatewayInstaller.exe"
"2026-06-09","2026-06-09T18:23:27Z","v1.2.2026.10009","2026-04-10T12:55:08Z","KnowledgeBaseGatewayInstaller.exe","29","https://github.com/iawnfoanaowt/OneFind/releases/download/v1.2.2026.10009/KnowledgeBaseGatewayInstaller.exe"
"2026-06-09","2026-06-09T18:23:27Z","v1.1.2026.9903","2026-04-09T13:52:18Z","KnowledgeBaseGatewayInstaller.exe","21","https://github.com/iawnfoanaowt/OneFind/releases/download/v1.1.2026.9903/KnowledgeBaseGatewayInstaller.exe"
"2026-06-10","2026-06-10T18:43:37Z","v1.7.2026.13301","2026-05-12T13:33:59Z","OneFind-macos-arm64-v1.7.dmg","50","https://github.com/iawnfoanaowt/OneFind/releases/download/v1.7.2026.13301/OneFind-macos-arm64-v1.7.dmg"
"2026-06-10","2026-06-10T18:43:37Z","v1.7.2026.13301","2026-05-12T13:33:59Z","OneFindInstaller-windows_1.7.exe","322","https://github.com/iawnfoanaowt/OneFind/releases/download/v1.7.2026.13301/OneFindInstaller-windows_1.7.exe"
"2026-06-10","2026-06-10T18:43:37Z","v1.6.2026.11705","2026-04-26T15:04:28Z","OneFindInstaller_1.6.exe","173","https://github.com/iawnfoanaowt/OneFind/releases/download/v1.6.2026.11705/OneFindInstaller_1.6.exe"
"2026-06-10","2026-06-10T18:43:37Z","v1.5.2026.10704","2026-04-16T08:24:20Z","OneFindInstaller_1.5.exe","107","https://github.com/iawnfoanaowt/OneFind/releases/download/v1.5.2026.10704/OneFindInstaller_1.5.exe"
"2026-06-10","2026-06-10T18:43:37Z","v1.5.2026.10609","2026-04-16T08:11:49Z","OneFindInstaller_1.5.exe","2","https://github.com/iawnfoanaowt/OneFind/releases/download/v1.5.2026.10609/OneFindInstaller_1.5.exe"
"2026-06-10","2026-06-10T18:43:37Z","v1.4.2026.10104","2026-04-11T14:47:23Z","KnowledgeBaseGatewayInstaller.exe","79","https://github.com/iawnfoanaowt/OneFind/releases/download/v1.4.2026.10104/KnowledgeBaseGatewayInstaller.exe"
"2026-06-10","2026-06-10T18:43:37Z","v1.2.2026.10009","2026-04-10T12:55:08Z","KnowledgeBaseGatewayInstaller.exe","29","https://github.com/iawnfoanaowt/OneFind/releases/download/v1.2.2026.10009/KnowledgeBaseGatewayInstaller.exe"
"2026-06-10","2026-06-10T18:43:37Z","v1.1.2026.9903","2026-04-09T13:52:18Z","KnowledgeBaseGatewayInstaller.exe","21","https://github.com/iawnfoanaowt/OneFind/releases/download/v1.1.2026.9903/KnowledgeBaseGatewayInstaller.exe"
"2026-06-11","2026-06-11T19:13:57Z","v1.7.2026.13301","2026-05-12T13:33:59Z","OneFind-macos-arm64-v1.7.dmg","51","https://github.com/iawnfoanaowt/OneFind/releases/download/v1.7.2026.13301/OneFind-macos-arm64-v1.7.dmg"
"2026-06-11","2026-06-11T19:13:57Z","v1.7.2026.13301","2026-05-12T13:33:59Z","OneFindInstaller-windows_1.7.exe","326","https://github.com/iawnfoanaowt/OneFind/releases/download/v1.7.2026.13301/OneFindInstaller-windows_1.7.exe"
"2026-06-11","2026-06-11T19:13:57Z","v1.6.2026.11705","2026-04-26T15:04:28Z","OneFindInstaller_1.6.exe","173","https://github.com/iawnfoanaowt/OneFind/releases/download/v1.6.2026.11705/OneFindInstaller_1.6.exe"
"2026-06-11","2026-06-11T19:13:57Z","v1.5.2026.10704","2026-04-16T08:24:20Z","OneFindInstaller_1.5.exe","107","https://github.com/iawnfoanaowt/OneFind/releases/download/v1.5.2026.10704/OneFindInstaller_1.5.exe"
"2026-06-11","2026-06-11T19:13:57Z","v1.5.2026.10609","2026-04-16T08:11:49Z","OneFindInstaller_1.5.exe","2","https://github.com/iawnfoanaowt/OneFind/releases/download/v1.5.2026.10609/OneFindInstaller_1.5.exe"
"2026-06-11","2026-06-11T19:13:57Z","v1.4.2026.10104","2026-04-11T14:47:23Z","KnowledgeBaseGatewayInstaller.exe","79","https://github.com/iawnfoanaowt/OneFind/releases/download/v1.4.2026.10104/KnowledgeBaseGatewayInstaller.exe"
"2026-06-11","2026-06-11T19:13:57Z","v1.2.2026.10009","2026-04-10T12:55:08Z","KnowledgeBaseGatewayInstaller.exe","29","https://github.com/iawnfoanaowt/OneFind/releases/download/v1.2.2026.10009/KnowledgeBaseGatewayInstaller.exe"
"2026-06-11","2026-06-11T19:13:57Z","v1.1.2026.9903","2026-04-09T13:52:18Z","KnowledgeBaseGatewayInstaller.exe","21","https://github.com/iawnfoanaowt/OneFind/releases/download/v1.1.2026.9903/KnowledgeBaseGatewayInstaller.exe"
"2026-06-12","2026-06-12T18:20:27Z","v1.7.2026.13301","2026-05-12T13:33:59Z","OneFind-macos-arm64-v1.7.dmg","53","https://github.com/iawnfoanaowt/OneFind/releases/download/v1.7.2026.13301/OneFind-macos-arm64-v1.7.dmg"
"2026-06-12","2026-06-12T18:20:27Z","v1.7.2026.13301","2026-05-12T13:33:59Z","OneFindInstaller-windows_1.7.exe","337","https://github.com/iawnfoanaowt/OneFind/releases/download/v1.7.2026.13301/OneFindInstaller-windows_1.7.exe"
"2026-06-12","2026-06-12T18:20:27Z","v1.6.2026.11705","2026-04-26T15:04:28Z","OneFindInstaller_1.6.exe","173","https://github.com/iawnfoanaowt/OneFind/releases/download/v1.6.2026.11705/OneFindInstaller_1.6.exe"
"2026-06-12","2026-06-12T18:20:27Z","v1.5.2026.10704","2026-04-16T08:24:20Z","OneFindInstaller_1.5.exe","107","https://github.com/iawnfoanaowt/OneFind/releases/download/v1.5.2026.10704/OneFindInstaller_1.5.exe"
"2026-06-12","2026-06-12T18:20:27Z","v1.5.2026.10609","2026-04-16T08:11:49Z","OneFindInstaller_1.5.exe","2","https://github.com/iawnfoanaowt/OneFind/releases/download/v1.5.2026.10609/OneFindInstaller_1.5.exe"
"2026-06-12","2026-06-12T18:20:27Z","v1.4.2026.10104","2026-04-11T14:47:23Z","KnowledgeBaseGatewayInstaller.exe","79","https://github.com/iawnfoanaowt/OneFind/releases/download/v1.4.2026.10104/KnowledgeBaseGatewayInstaller.exe"
"2026-06-12","2026-06-12T18:20:27Z","v1.2.2026.10009","2026-04-10T12:55:08Z","KnowledgeBaseGatewayInstaller.exe","29","https://github.com/iawnfoanaowt/OneFind/releases/download/v1.2.2026.10009/KnowledgeBaseGatewayInstaller.exe"
"2026-06-12","2026-06-12T18:20:27Z","v1.1.2026.9903","2026-04-09T13:52:18Z","KnowledgeBaseGatewayInstaller.exe","21","https://github.com/iawnfoanaowt/OneFind/releases/download/v1.1.2026.9903/KnowledgeBaseGatewayInstaller.exe"
"2026-06-13","2026-06-13T17:47:52Z","v1.7.2026.13301","2026-05-12T13:33:59Z","OneFind-macos-arm64-v1.7.dmg","65","https://github.com/iawnfoanaowt/OneFind/releases/download/v1.7.2026.13301/OneFind-macos-arm64-v1.7.dmg"
"2026-06-13","2026-06-13T17:47:52Z","v1.7.2026.13301","2026-05-12T13:33:59Z","OneFindInstaller-windows_1.7.exe","353","https://github.com/iawnfoanaowt/OneFind/releases/download/v1.7.2026.13301/OneFindInstaller-windows_1.7.exe"
"2026-06-13","2026-06-13T17:47:52Z","v1.6.2026.11705","2026-04-26T15:04:28Z","OneFindInstaller_1.6.exe","173","https://github.com/iawnfoanaowt/OneFind/releases/download/v1.6.2026.11705/OneFindInstaller_1.6.exe"
"2026-06-13","2026-06-13T17:47:52Z","v1.5.2026.10704","2026-04-16T08:24:20Z","OneFindInstaller_1.5.exe","107","https://github.com/iawnfoanaowt/OneFind/releases/download/v1.5.2026.10704/OneFindInstaller_1.5.exe"
"2026-06-13","2026-06-13T17:47:52Z","v1.5.2026.10609","2026-04-16T08:11:49Z","OneFindInstaller_1.5.exe","2","https://github.com/iawnfoanaowt/OneFind/releases/download/v1.5.2026.10609/OneFindInstaller_1.5.exe"
"2026-06-13","2026-06-13T17:47:52Z","v1.4.2026.10104","2026-04-11T14:47:23Z","KnowledgeBaseGatewayInstaller.exe","79","https://github.com/iawnfoanaowt/OneFind/releases/download/v1.4.2026.10104/KnowledgeBaseGatewayInstaller.exe"
"2026-06-13","2026-06-13T17:47:52Z","v1.2.2026.10009","2026-04-10T12:55:08Z","KnowledgeBaseGatewayInstaller.exe","29","https://github.com/iawnfoanaowt/OneFind/releases/download/v1.2.2026.10009/KnowledgeBaseGatewayInstaller.exe"
"2026-06-13","2026-06-13T17:47:52Z","v1.1.2026.9903","2026-04-09T13:52:18Z","KnowledgeBaseGatewayInstaller.exe","21","https://github.com/iawnfoanaowt/OneFind/releases/download/v1.1.2026.9903/KnowledgeBaseGatewayInstaller.exe"
"2026-06-14","2026-06-14T17:51:53Z","v1.7.2026.13301","2026-05-12T13:33:59Z","OneFind-macos-arm64-v1.7.dmg","67","https://github.com/iawnfoanaowt/OneFind/releases/download/v1.7.2026.13301/OneFind-macos-arm64-v1.7.dmg"
"2026-06-14","2026-06-14T17:51:53Z","v1.7.2026.13301","2026-05-12T13:33:59Z","OneFindInstaller-windows_1.7.exe","359","https://github.com/iawnfoanaowt/OneFind/releases/download/v1.7.2026.13301/OneFindInstaller-windows_1.7.exe"
"2026-06-14","2026-06-14T17:51:53Z","v1.6.2026.11705","2026-04-26T15:04:28Z","OneFindInstaller_1.6.exe","173","https://github.com/iawnfoanaowt/OneFind/releases/download/v1.6.2026.11705/OneFindInstaller_1.6.exe"
"2026-06-14","2026-06-14T17:51:53Z","v1.5.2026.10704","2026-04-16T08:24:20Z","OneFindInstaller_1.5.exe","107","https://github.com/iawnfoanaowt/OneFind/releases/download/v1.5.2026.10704/OneFindInstaller_1.5.exe"
"2026-06-14","2026-06-14T17:51:53Z","v1.5.2026.10609","2026-04-16T08:11:49Z","OneFindInstaller_1.5.exe","2","https://github.com/iawnfoanaowt/OneFind/releases/download/v1.5.2026.10609/OneFindInstaller_1.5.exe"
"2026-06-14","2026-06-14T17:51:53Z","v1.4.2026.10104","2026-04-11T14:47:23Z","KnowledgeBaseGatewayInstaller.exe","79","https://github.com/iawnfoanaowt/OneFind/releases/download/v1.4.2026.10104/KnowledgeBaseGatewayInstaller.exe"
"2026-06-14","2026-06-14T17:51:53Z","v1.2.2026.10009","2026-04-10T12:55:08Z","KnowledgeBaseGatewayInstaller.exe","29","https://github.com/iawnfoanaowt/OneFind/releases/download/v1.2.2026.10009/KnowledgeBaseGatewayInstaller.exe"
"2026-06-14","2026-06-14T17:51:53Z","v1.1.2026.9903","2026-04-09T13:52:18Z","KnowledgeBaseGatewayInstaller.exe","21","https://github.com/iawnfoanaowt/OneFind/releases/download/v1.1.2026.9903/KnowledgeBaseGatewayInstaller.exe"
"2026-06-15","2026-06-15T19:57:31Z","v1.7.2026.13301","2026-05-12T13:33:59Z","OneFind-macos-arm64-v1.7.dmg","71","https://github.com/iawnfoanaowt/OneFind/releases/download/v1.7.2026.13301/OneFind-macos-arm64-v1.7.dmg"
"2026-06-15","2026-06-15T19:57:31Z","v1.7.2026.13301","2026-05-12T13:33:59Z","OneFindInstaller-windows_1.7.exe","366","https://github.com/iawnfoanaowt/OneFind/releases/download/v1.7.2026.13301/OneFindInstaller-windows_1.7.exe"
"2026-06-15","2026-06-15T19:57:31Z","v1.6.2026.11705","2026-04-26T15:04:28Z","OneFindInstaller_1.6.exe","173","https://github.com/iawnfoanaowt/OneFind/releases/download/v1.6.2026.11705/OneFindInstaller_1.6.exe"
"2026-06-15","2026-06-15T19:57:31Z","v1.5.2026.10704","2026-04-16T08:24:20Z","OneFindInstaller_1.5.exe","107","https://github.com/iawnfoanaowt/OneFind/releases/download/v1.5.2026.10704/OneFindInstaller_1.5.exe"
"2026-06-15","2026-06-15T19:57:31Z","v1.5.2026.10609","2026-04-16T08:11:49Z","OneFindInstaller_1.5.exe","2","https://github.com/iawnfoanaowt/OneFind/releases/download/v1.5.2026.10609/OneFindInstaller_1.5.exe"
"2026-06-15","2026-06-15T19:57:31Z","v1.4.2026.10104","2026-04-11T14:47:23Z","KnowledgeBaseGatewayInstaller.exe","79","https://github.com/iawnfoanaowt/OneFind/releases/download/v1.4.2026.10104/KnowledgeBaseGatewayInstaller.exe"
"2026-06-15","2026-06-15T19:57:31Z","v1.2.2026.10009","2026-04-10T12:55:08Z","KnowledgeBaseGatewayInstaller.exe","29","https://github.com/iawnfoanaowt/OneFind/releases/download/v1.2.2026.10009/KnowledgeBaseGatewayInstaller.exe"
"2026-06-15","2026-06-15T19:57:31Z","v1.1.2026.9903","2026-04-09T13:52:18Z","KnowledgeBaseGatewayInstaller.exe","21","https://github.com/iawnfoanaowt/OneFind/releases/download/v1.1.2026.9903/KnowledgeBaseGatewayInstaller.exe"
"2026-06-16","2026-06-16T19:51:37Z","v1.7.2026.13301","2026-05-12T13:33:59Z","OneFind-macos-arm64-v1.7.dmg","75","https://github.com/iawnfoanaowt/OneFind/releases/download/v1.7.2026.13301/OneFind-macos-arm64-v1.7.dmg"
"2026-06-16","2026-06-16T19:51:37Z","v1.7.2026.13301","2026-05-12T13:33:59Z","OneFindInstaller-windows_1.7.exe","367","https://github.com/iawnfoanaowt/OneFind/releases/download/v1.7.2026.13301/OneFindInstaller-windows_1.7.exe"
"2026-06-16","2026-06-16T19:51:37Z","v1.6.2026.11705","2026-04-26T15:04:28Z","OneFindInstaller_1.6.exe","173","https://github.com/iawnfoanaowt/OneFind/releases/download/v1.6.2026.11705/OneFindInstaller_1.6.exe"
"2026-06-16","2026-06-16T19:51:37Z","v1.5.2026.10704","2026-04-16T08:24:20Z","OneFindInstaller_1.5.exe","107","https://github.com/iawnfoanaowt/OneFind/releases/download/v1.5.2026.10704/OneFindInstaller_1.5.exe"
"2026-06-16","2026-06-16T19:51:37Z","v1.5.2026.10609","2026-04-16T08:11:49Z","OneFindInstaller_1.5.exe","2","https://github.com/iawnfoanaowt/OneFind/releases/download/v1.5.2026.10609/OneFindInstaller_1.5.exe"
"2026-06-16","2026-06-16T19:51:37Z","v1.4.2026.10104","2026-04-11T14:47:23Z","KnowledgeBaseGatewayInstaller.exe","79","https://github.com/iawnfoanaowt/OneFind/releases/download/v1.4.2026.10104/KnowledgeBaseGatewayInstaller.exe"
"2026-06-16","2026-06-16T19:51:37Z","v1.2.2026.10009","2026-04-10T12:55:08Z","KnowledgeBaseGatewayInstaller.exe","29","https://github.com/iawnfoanaowt/OneFind/releases/download/v1.2.2026.10009/KnowledgeBaseGatewayInstaller.exe"
"2026-06-16","2026-06-16T19:51:37Z","v1.1.2026.9903","2026-04-09T13:52:18Z","KnowledgeBaseGatewayInstaller.exe","21","https://github.com/iawnfoanaowt/OneFind/releases/download/v1.1.2026.9903/KnowledgeBaseGatewayInstaller.exe"
"2026-06-17","2026-06-17T18:36:17Z","v1.7.2026.13301","2026-05-12T13:33:59Z","OneFind-macos-arm64-v1.7.dmg","77","https://github.com/iawnfoanaowt/OneFind/releases/download/v1.7.2026.13301/OneFind-macos-arm64-v1.7.dmg"
"2026-06-17","2026-06-17T18:36:17Z","v1.7.2026.13301","2026-05-12T13:33:59Z","OneFindInstaller-windows_1.7.exe","375","https://github.com/iawnfoanaowt/OneFind/releases/download/v1.7.2026.13301/OneFindInstaller-windows_1.7.exe"
"2026-06-17","2026-06-17T18:36:17Z","v1.6.2026.11705","2026-04-26T15:04:28Z","OneFindInstaller_1.6.exe","173","https://github.com/iawnfoanaowt/OneFind/releases/download/v1.6.2026.11705/OneFindInstaller_1.6.exe"
"2026-06-17","2026-06-17T18:36:17Z","v1.5.2026.10704","2026-04-16T08:24:20Z","OneFindInstaller_1.5.exe","107","https://github.com/iawnfoanaowt/OneFind/releases/download/v1.5.2026.10704/OneFindInstaller_1.5.exe"
"2026-06-17","2026-06-17T18:36:17Z","v1.5.2026.10609","2026-04-16T08:11:49Z","OneFindInstaller_1.5.exe","2","https://github.com/iawnfoanaowt/OneFind/releases/download/v1.5.2026.10609/OneFindInstaller_1.5.exe"
"2026-06-17","2026-06-17T18:36:17Z","v1.4.2026.10104","2026-04-11T14:47:23Z","KnowledgeBaseGatewayInstaller.exe","79","https://github.com/iawnfoanaowt/OneFind/releases/download/v1.4.2026.10104/KnowledgeBaseGatewayInstaller.exe"
"2026-06-17","2026-06-17T18:36:17Z","v1.2.2026.10009","2026-04-10T12:55:08Z","KnowledgeBaseGatewayInstaller.exe","29","https://github.com/iawnfoanaowt/OneFind/releases/download/v1.2.2026.10009/KnowledgeBaseGatewayInstaller.exe"
"2026-06-17","2026-06-17T18:36:17Z","v1.1.2026.9903","2026-04-09T13:52:18Z","KnowledgeBaseGatewayInstaller.exe","21","https://github.com/iawnfoanaowt/OneFind/releases/download/v1.1.2026.9903/KnowledgeBaseGatewayInstaller.exe"
"2026-06-18","2026-06-18T18:37:12Z","v1.7.2026.13301","2026-05-12T13:33:59Z","OneFind-macos-arm64-v1.7.dmg","78","https://github.com/iawnfoanaowt/OneFind/releases/download/v1.7.2026.13301/OneFind-macos-arm64-v1.7.dmg"
"2026-06-18","2026-06-18T18:37:12Z","v1.7.2026.13301","2026-05-12T13:33:59Z","OneFindInstaller-windows_1.7.exe","509","https://github.com/iawnfoanaowt/OneFind/releases/download/v1.7.2026.13301/OneFindInstaller-windows_1.7.exe"
"2026-06-18","2026-06-18T18:37:12Z","v1.6.2026.11705","2026-04-26T15:04:28Z","OneFindInstaller_1.6.exe","173","https://github.com/iawnfoanaowt/OneFind/releases/download/v1.6.2026.11705/OneFindInstaller_1.6.exe"
"2026-06-18","2026-06-18T18:37:12Z","v1.5.2026.10704","2026-04-16T08:24:20Z","OneFindInstaller_1.5.exe","107","https://github.com/iawnfoanaowt/OneFind/releases/download/v1.5.2026.10704/OneFindInstaller_1.5.exe"
"2026-06-18","2026-06-18T18:37:12Z","v1.5.2026.10609","2026-04-16T08:11:49Z","OneFindInstaller_1.5.exe","2","https://github.com/iawnfoanaowt/OneFind/releases/download/v1.5.2026.10609/OneFindInstaller_1.5.exe"
"2026-06-18","2026-06-18T18:37:12Z","v1.4.2026.10104","2026-04-11T14:47:23Z","KnowledgeBaseGatewayInstaller.exe","79","https://github.com/iawnfoanaowt/OneFind/releases/download/v1.4.2026.10104/KnowledgeBaseGatewayInstaller.exe"
"2026-06-18","2026-06-18T18:37:12Z","v1.2.2026.10009","2026-04-10T12:55:08Z","KnowledgeBaseGatewayInstaller.exe","29","https://github.com/iawnfoanaowt/OneFind/releases/download/v1.2.2026.10009/KnowledgeBaseGatewayInstaller.exe"
"2026-06-18","2026-06-18T18:37:12Z","v1.1.2026.9903","2026-04-09T13:52:18Z","KnowledgeBaseGatewayInstaller.exe","21","https://github.com/iawnfoanaowt/OneFind/releases/download/v1.1.2026.9903/KnowledgeBaseGatewayInstaller.exe"
"2026-06-19","2026-06-19T18:10:30Z","v1.7.2026.13301","2026-05-12T13:33:59Z","OneFind-macos-arm64-v1.7.dmg","79","https://github.com/iawnfoanaowt/OneFind/releases/download/v1.7.2026.13301/OneFind-macos-arm64-v1.7.dmg"
"2026-06-19","2026-06-19T18:10:30Z","v1.7.2026.13301","2026-05-12T13:33:59Z","OneFindInstaller-windows_1.7.exe","516","https://github.com/iawnfoanaowt/OneFind/releases/download/v1.7.2026.13301/OneFindInstaller-windows_1.7.exe"
"2026-06-19","2026-06-19T18:10:30Z","v1.6.2026.11705","2026-04-26T15:04:28Z","OneFindInstaller_1.6.exe","173","https://github.com/iawnfoanaowt/OneFind/releases/download/v1.6.2026.11705/OneFindInstaller_1.6.exe"
"2026-06-19","2026-06-19T18:10:30Z","v1.5.2026.10704","2026-04-16T08:24:20Z","OneFindInstaller_1.5.exe","107","https://github.com/iawnfoanaowt/OneFind/releases/download/v1.5.2026.10704/OneFindInstaller_1.5.exe"
"2026-06-19","2026-06-19T18:10:30Z","v1.5.2026.10609","2026-04-16T08:11:49Z","OneFindInstaller_1.5.exe","2","https://github.com/iawnfoanaowt/OneFind/releases/download/v1.5.2026.10609/OneFindInstaller_1.5.exe"
"2026-06-19","2026-06-19T18:10:30Z","v1.4.2026.10104","2026-04-11T14:47:23Z","KnowledgeBaseGatewayInstaller.exe","79","https://github.com/iawnfoanaowt/OneFind/releases/download/v1.4.2026.10104/KnowledgeBaseGatewayInstaller.exe"
"2026-06-19","2026-06-19T18:10:30Z","v1.2.2026.10009","2026-04-10T12:55:08Z","KnowledgeBaseGatewayInstaller.exe","29","https://github.com/iawnfoanaowt/OneFind/releases/download/v1.2.2026.10009/KnowledgeBaseGatewayInstaller.exe"
"2026-06-19","2026-06-19T18:10:30Z","v1.1.2026.9903","2026-04-09T13:52:18Z","KnowledgeBaseGatewayInstaller.exe","21","https://github.com/iawnfoanaowt/OneFind/releases/download/v1.1.2026.9903/KnowledgeBaseGatewayInstaller.exe"
"2026-06-20","2026-06-20T17:49:44Z","v1.7.2026.13301","2026-05-12T13:33:59Z","OneFind-macos-arm64-v1.7.dmg","81","https://github.com/iawnfoanaowt/OneFind/releases/download/v1.7.2026.13301/OneFind-macos-arm64-v1.7.dmg"
"2026-06-20","2026-06-20T17:49:44Z","v1.7.2026.13301","2026-05-12T13:33:59Z","OneFindInstaller-windows_1.7.exe","528","https://github.com/iawnfoanaowt/OneFind/releases/download/v1.7.2026.13301/OneFindInstaller-windows_1.7.exe"
"2026-06-20","2026-06-20T17:49:44Z","v1.6.2026.11705","2026-04-26T15:04:28Z","OneFindInstaller_1.6.exe","173","https://github.com/iawnfoanaowt/OneFind/releases/download/v1.6.2026.11705/OneFindInstaller_1.6.exe"
"2026-06-20","2026-06-20T17:49:44Z","v1.5.2026.10704","2026-04-16T08:24:20Z","OneFindInstaller_1.5.exe","107","https://github.com/iawnfoanaowt/OneFind/releases/download/v1.5.2026.10704/OneFindInstaller_1.5.exe"
"2026-06-20","2026-06-20T17:49:44Z","v1.5.2026.10609","2026-04-16T08:11:49Z","OneFindInstaller_1.5.exe","2","https://github.com/iawnfoanaowt/OneFind/releases/download/v1.5.2026.10609/OneFindInstaller_1.5.exe"
"2026-06-20","2026-06-20T17:49:44Z","v1.4.2026.10104","2026-04-11T14:47:23Z","KnowledgeBaseGatewayInstaller.exe","79","https://github.com/iawnfoanaowt/OneFind/releases/download/v1.4.2026.10104/KnowledgeBaseGatewayInstaller.exe"
"2026-06-20","2026-06-20T17:49:44Z","v1.2.2026.10009","2026-04-10T12:55:08Z","KnowledgeBaseGatewayInstaller.exe","29","https://github.com/iawnfoanaowt/OneFind/releases/download/v1.2.2026.10009/KnowledgeBaseGatewayInstaller.exe"
"2026-06-20","2026-06-20T17:49:44Z","v1.1.2026.9903","2026-04-09T13:52:18Z","KnowledgeBaseGatewayInstaller.exe","21","https://github.com/iawnfoanaowt/OneFind/releases/download/v1.1.2026.9903/KnowledgeBaseGatewayInstaller.exe"
"2026-06-21","2026-06-21T17:55:23Z","v1.7.2026.13301","2026-05-12T13:33:59Z","OneFind-macos-arm64-v1.7.dmg","82","https://github.com/iawnfoanaowt/OneFind/releases/download/v1.7.2026.13301/OneFind-macos-arm64-v1.7.dmg"
"2026-06-21","2026-06-21T17:55:23Z","v1.7.2026.13301","2026-05-12T13:33:59Z","OneFindInstaller-windows_1.7.exe","540","https://github.com/iawnfoanaowt/OneFind/releases/download/v1.7.2026.13301/OneFindInstaller-windows_1.7.exe"
"2026-06-21","2026-06-21T17:55:23Z","v1.6.2026.11705","2026-04-26T15:04:28Z","OneFindInstaller_1.6.exe","173","https://github.com/iawnfoanaowt/OneFind/releases/download/v1.6.2026.11705/OneFindInstaller_1.6.exe"
"2026-06-21","2026-06-21T17:55:23Z","v1.5.2026.10704","2026-04-16T08:24:20Z","OneFindInstaller_1.5.exe","107","https://github.com/iawnfoanaowt/OneFind/releases/download/v1.5.2026.10704/OneFindInstaller_1.5.exe"
"2026-06-21","2026-06-21T17:55:23Z","v1.5.2026.10609","2026-04-16T08:11:49Z","OneFindInstaller_1.5.exe","2","https://github.com/iawnfoanaowt/OneFind/releases/download/v1.5.2026.10609/OneFindInstaller_1.5.exe"
"2026-06-21","2026-06-21T17:55:23Z","v1.4.2026.10104","2026-04-11T14:47:23Z","KnowledgeBaseGatewayInstaller.exe","79","https://github.com/iawnfoanaowt/OneFind/releases/download/v1.4.2026.10104/KnowledgeBaseGatewayInstaller.exe"
"2026-06-21","2026-06-21T17:55:23Z","v1.2.2026.10009","2026-04-10T12:55:08Z","KnowledgeBaseGatewayInstaller.exe","29","https://github.com/iawnfoanaowt/OneFind/releases/download/v1.2.2026.10009/KnowledgeBaseGatewayInstaller.exe"
"2026-06-21","2026-06-21T17:55:23Z","v1.1.2026.9903","2026-04-09T13:52:18Z","KnowledgeBaseGatewayInstaller.exe","21","https://github.com/iawnfoanaowt/OneFind/releases/download/v1.1.2026.9903/KnowledgeBaseGatewayInstaller.exe"
"2026-06-22","2026-06-22T19:48:58Z","v1.7.2026.13301","2026-05-12T13:33:59Z","OneFind-macos-arm64-v1.7.dmg","83","https://github.com/iawnfoanaowt/OneFind/releases/download/v1.7.2026.13301/OneFind-macos-arm64-v1.7.dmg"
"2026-06-22","2026-06-22T19:48:58Z","v1.7.2026.13301","2026-05-12T13:33:59Z","OneFindInstaller-windows_1.7.exe","548","https://github.com/iawnfoanaowt/OneFind/releases/download/v1.7.2026.13301/OneFindInstaller-windows_1.7.exe"
"2026-06-22","2026-06-22T19:48:58Z","v1.6.2026.11705","2026-04-26T15:04:28Z","OneFindInstaller_1.6.exe","173","https://github.com/iawnfoanaowt/OneFind/releases/download/v1.6.2026.11705/OneFindInstaller_1.6.exe"
"2026-06-22","2026-06-22T19:48:58Z","v1.5.2026.10704","2026-04-16T08:24:20Z","OneFindInstaller_1.5.exe","107","https://github.com/iawnfoanaowt/OneFind/releases/download/v1.5.2026.10704/OneFindInstaller_1.5.exe"
"2026-06-22","2026-06-22T19:48:58Z","v1.5.2026.10609","2026-04-16T08:11:49Z","OneFindInstaller_1.5.exe","2","https://github.com/iawnfoanaowt/OneFind/releases/download/v1.5.2026.10609/OneFindInstaller_1.5.exe"
"2026-06-22","2026-06-22T19:48:58Z","v1.4.2026.10104","2026-04-11T14:47:23Z","KnowledgeBaseGatewayInstaller.exe","79","https://github.com/iawnfoanaowt/OneFind/releases/download/v1.4.2026.10104/KnowledgeBaseGatewayInstaller.exe"
"2026-06-22","2026-06-22T19:48:58Z","v1.2.2026.10009","2026-04-10T12:55:08Z","KnowledgeBaseGatewayInstaller.exe","29","https://github.com/iawnfoanaowt/OneFind/releases/download/v1.2.2026.10009/KnowledgeBaseGatewayInstaller.exe"
"2026-06-22","2026-06-22T19:48:58Z","v1.1.2026.9903","2026-04-09T13:52:18Z","KnowledgeBaseGatewayInstaller.exe","21","https://github.com/iawnfoanaowt/OneFind/releases/download/v1.1.2026.9903/KnowledgeBaseGatewayInstaller.exe"
"2026-06-23","2026-06-23T18:15:55Z","v1.7.2026.13301","2026-05-12T13:33:59Z","OneFind-macos-arm64-v1.7.dmg","84","https://github.com/iawnfoanaowt/OneFind/releases/download/v1.7.2026.13301/OneFind-macos-arm64-v1.7.dmg"
"2026-06-23","2026-06-23T18:15:55Z","v1.7.2026.13301","2026-05-12T13:33:59Z","OneFindInstaller-windows_1.7.exe","558","https://github.com/iawnfoanaowt/OneFind/releases/download/v1.7.2026.13301/OneFindInstaller-windows_1.7.exe"
"2026-06-23","2026-06-23T18:15:55Z","v1.6.2026.11705","2026-04-26T15:04:28Z","OneFindInstaller_1.6.exe","173","https://github.com/iawnfoanaowt/OneFind/releases/download/v1.6.2026.11705/OneFindInstaller_1.6.exe"
"2026-06-23","2026-06-23T18:15:55Z","v1.5.2026.10704","2026-04-16T08:24:20Z","OneFindInstaller_1.5.exe","107","https://github.com/iawnfoanaowt/OneFind/releases/download/v1.5.2026.10704/OneFindInstaller_1.5.exe"
"2026-06-23","2026-06-23T18:15:55Z","v1.5.2026.10609","2026-04-16T08:11:49Z","OneFindInstaller_1.5.exe","2","https://github.com/iawnfoanaowt/OneFind/releases/download/v1.5.2026.10609/OneFindInstaller_1.5.exe"
"2026-06-23","2026-06-23T18:15:55Z","v1.4.2026.10104","2026-04-11T14:47:23Z","KnowledgeBaseGatewayInstaller.exe","79","https://github.com/iawnfoanaowt/OneFind/releases/download/v1.4.2026.10104/KnowledgeBaseGatewayInstaller.exe"
"2026-06-23","2026-06-23T18:15:55Z","v1.2.2026.10009","2026-04-10T12:55:08Z","KnowledgeBaseGatewayInstaller.exe","29","https://github.com/iawnfoanaowt/OneFind/releases/download/v1.2.2026.10009/KnowledgeBaseGatewayInstaller.exe"
"2026-06-23","2026-06-23T18:15:55Z","v1.1.2026.9903","2026-04-09T13:52:18Z","KnowledgeBaseGatewayInstaller.exe","21","https://github.com/iawnfoanaowt/OneFind/releases/download/v1.1.2026.9903/KnowledgeBaseGatewayInstaller.exe"
"2026-06-24","2026-06-24T18:12:40Z","v1.7.2026.13301","2026-05-12T13:33:59Z","OneFind-macos-arm64-v1.7.dmg","86","https://github.com/iawnfoanaowt/OneFind/releases/download/v1.7.2026.13301/OneFind-macos-arm64-v1.7.dmg"
"2026-06-24","2026-06-24T18:12:40Z","v1.7.2026.13301","2026-05-12T13:33:59Z","OneFindInstaller-windows_1.7.exe","562","https://github.com/iawnfoanaowt/OneFind/releases/download/v1.7.2026.13301/OneFindInstaller-windows_1.7.exe"
"2026-06-24","2026-06-24T18:12:40Z","v1.6.2026.11705","2026-04-26T15:04:28Z","OneFindInstaller_1.6.exe","173","https://github.com/iawnfoanaowt/OneFind/releases/download/v1.6.2026.11705/OneFindInstaller_1.6.exe"
"2026-06-24","2026-06-24T18:12:40Z","v1.5.2026.10704","2026-04-16T08:24:20Z","OneFindInstaller_1.5.exe","107","https://github.com/iawnfoanaowt/OneFind/releases/download/v1.5.2026.10704/OneFindInstaller_1.5.exe"
"2026-06-24","2026-06-24T18:12:40Z","v1.5.2026.10609","2026-04-16T08:11:49Z","OneFindInstaller_1.5.exe","2","https://github.com/iawnfoanaowt/OneFind/releases/download/v1.5.2026.10609/OneFindInstaller_1.5.exe"
"2026-06-24","2026-06-24T18:12:40Z","v1.4.2026.10104","2026-04-11T14:47:23Z","KnowledgeBaseGatewayInstaller.exe","79","https://github.com/iawnfoanaowt/OneFind/releases/download/v1.4.2026.10104/KnowledgeBaseGatewayInstaller.exe"
"2026-06-24","2026-06-24T18:12:40Z","v1.2.2026.10009","2026-04-10T12:55:08Z","KnowledgeBaseGatewayInstaller.exe","29","https://github.com/iawnfoanaowt/OneFind/releases/download/v1.2.2026.10009/KnowledgeBaseGatewayInstaller.exe"
"2026-06-24","2026-06-24T18:12:40Z","v1.1.2026.9903","2026-04-09T13:52:18Z","KnowledgeBaseGatewayInstaller.exe","21","https://github.com/iawnfoanaowt/OneFind/releases/download/v1.1.2026.9903/KnowledgeBaseGatewayInstaller.exe"
"2026-06-25","2026-06-25T18:27:35Z","v1.7.2026.13301","2026-05-12T13:33:59Z","OneFind-macos-arm64-v1.7.dmg","91","https://github.com/iawnfoanaowt/OneFind/releases/download/v1.7.2026.13301/OneFind-macos-arm64-v1.7.dmg"
"2026-06-25","2026-06-25T18:27:35Z","v1.7.2026.13301","2026-05-12T13:33:59Z","OneFindInstaller-windows_1.7.exe","565","https://github.com/iawnfoanaowt/OneFind/releases/download/v1.7.2026.13301/OneFindInstaller-windows_1.7.exe"
"2026-06-25","2026-06-25T18:27:35Z","v1.6.2026.11705","2026-04-26T15:04:28Z","OneFindInstaller_1.6.exe","173","https://github.com/iawnfoanaowt/OneFind/releases/download/v1.6.2026.11705/OneFindInstaller_1.6.exe"
"2026-06-25","2026-06-25T18:27:35Z","v1.5.2026.10704","2026-04-16T08:24:20Z","OneFindInstaller_1.5.exe","107","https://github.com/iawnfoanaowt/OneFind/releases/download/v1.5.2026.10704/OneFindInstaller_1.5.exe"
"2026-06-25","2026-06-25T18:27:35Z","v1.5.2026.10609","2026-04-16T08:11:49Z","OneFindInstaller_1.5.exe","2","https://github.com/iawnfoanaowt/OneFind/releases/download/v1.5.2026.10609/OneFindInstaller_1.5.exe"
"2026-06-25","2026-06-25T18:27:35Z","v1.4.2026.10104","2026-04-11T14:47:23Z","KnowledgeBaseGatewayInstaller.exe","79","https://github.com/iawnfoanaowt/OneFind/releases/download/v1.4.2026.10104/KnowledgeBaseGatewayInstaller.exe"
"2026-06-25","2026-06-25T18:27:35Z","v1.2.2026.10009","2026-04-10T12:55:08Z","KnowledgeBaseGatewayInstaller.exe","29","https://github.com/iawnfoanaowt/OneFind/releases/download/v1.2.2026.10009/KnowledgeBaseGatewayInstaller.exe"
"2026-06-25","2026-06-25T18:27:35Z","v1.1.2026.9903","2026-04-09T13:52:18Z","KnowledgeBaseGatewayInstaller.exe","21","https://github.com/iawnfoanaowt/OneFind/releases/download/v1.1.2026.9903/KnowledgeBaseGatewayInstaller.exe"
"2026-06-26","2026-06-26T18:04:43Z","v1.7.2026.13301","2026-05-12T13:33:59Z","OneFind-macos-arm64-v1.7.dmg","91","https://github.com/iawnfoanaowt/OneFind/releases/download/v1.7.2026.13301/OneFind-macos-arm64-v1.7.dmg"
"2026-06-26","2026-06-26T18:04:43Z","v1.7.2026.13301","2026-05-12T13:33:59Z","OneFindInstaller-windows_1.7.exe","569","https://github.com/iawnfoanaowt/OneFind/releases/download/v1.7.2026.13301/OneFindInstaller-windows_1.7.exe"
"2026-06-26","2026-06-26T18:04:43Z","v1.6.2026.11705","2026-04-26T15:04:28Z","OneFindInstaller_1.6.exe","173","https://github.com/iawnfoanaowt/OneFind/releases/download/v1.6.2026.11705/OneFindInstaller_1.6.exe"
"2026-06-26","2026-06-26T18:04:43Z","v1.5.2026.10704","2026-04-16T08:24:20Z","OneFindInstaller_1.5.exe","107","https://github.com/iawnfoanaowt/OneFind/releases/download/v1.5.2026.10704/OneFindInstaller_1.5.exe"
"2026-06-26","2026-06-26T18:04:43Z","v1.5.2026.10609","2026-04-16T08:11:49Z","OneFindInstaller_1.5.exe","2","https://github.com/iawnfoanaowt/OneFind/releases/download/v1.5.2026.10609/OneFindInstaller_1.5.exe"
"2026-06-26","2026-06-26T18:04:43Z","v1.4.2026.10104","2026-04-11T14:47:23Z","KnowledgeBaseGatewayInstaller.exe","79","https://github.com/iawnfoanaowt/OneFind/releases/download/v1.4.2026.10104/KnowledgeBaseGatewayInstaller.exe"
"2026-06-26","2026-06-26T18:04:43Z","v1.2.2026.10009","2026-04-10T12:55:08Z","KnowledgeBaseGatewayInstaller.exe","29","https://github.com/iawnfoanaowt/OneFind/releases/download/v1.2.2026.10009/KnowledgeBaseGatewayInstaller.exe"
"2026-06-26","2026-06-26T18:04:43Z","v1.1.2026.9903","2026-04-09T13:52:18Z","KnowledgeBaseGatewayInstaller.exe","21","https://github.com/iawnfoanaowt/OneFind/releases/download/v1.1.2026.9903/KnowledgeBaseGatewayInstaller.exe"
"2026-06-27","2026-06-27T17:32:09Z","v1.7.2026.13301","2026-05-12T13:33:59Z","OneFind-macos-arm64-v1.7.dmg","91","https://github.com/iawnfoanaowt/OneFind/releases/download/v1.7.2026.13301/OneFind-macos-arm64-v1.7.dmg"
"2026-06-27","2026-06-27T17:32:09Z","v1.7.2026.13301","2026-05-12T13:33:59Z","OneFindInstaller-windows_1.7.exe","578","https://github.com/iawnfoanaowt/OneFind/releases/download/v1.7.2026.13301/OneFindInstaller-windows_1.7.exe"
"2026-06-27","2026-06-27T17:32:09Z","v1.6.2026.11705","2026-04-26T15:04:28Z","OneFindInstaller_1.6.exe","173","https://github.com/iawnfoanaowt/OneFind/releases/download/v1.6.2026.11705/OneFindInstaller_1.6.exe"
"2026-06-27","2026-06-27T17:32:09Z","v1.5.2026.10704","2026-04-16T08:24:20Z","OneFindInstaller_1.5.exe","107","https://github.com/iawnfoanaowt/OneFind/releases/download/v1.5.2026.10704/OneFindInstaller_1.5.exe"
"2026-06-27","2026-06-27T17:32:09Z","v1.5.2026.10609","2026-04-16T08:11:49Z","OneFindInstaller_1.5.exe","2","https://github.com/iawnfoanaowt/OneFind/releases/download/v1.5.2026.10609/OneFindInstaller_1.5.exe"
"2026-06-27","2026-06-27T17:32:09Z","v1.4.2026.10104","2026-04-11T14:47:23Z","KnowledgeBaseGatewayInstaller.exe","79","https://github.com/iawnfoanaowt/OneFind/releases/download/v1.4.2026.10104/KnowledgeBaseGatewayInstaller.exe"
"2026-06-27","2026-06-27T17:32:09Z","v1.2.2026.10009","2026-04-10T12:55:08Z","KnowledgeBaseGatewayInstaller.exe","29","https://github.com/iawnfoanaowt/OneFind/releases/download/v1.2.2026.10009/KnowledgeBaseGatewayInstaller.exe"
"2026-06-27","2026-06-27T17:32:09Z","v1.1.2026.9903","2026-04-09T13:52:18Z","KnowledgeBaseGatewayInstaller.exe","21","https://github.com/iawnfoanaowt/OneFind/releases/download/v1.1.2026.9903/KnowledgeBaseGatewayInstaller.exe"
"2026-06-28","2026-06-28T17:36:58Z","v1.7.2026.13301","2026-05-12T13:33:59Z","OneFind-macos-arm64-v1.7.dmg","92","https://github.com/iawnfoanaowt/OneFind/releases/download/v1.7.2026.13301/OneFind-macos-arm64-v1.7.dmg"
"2026-06-28","2026-06-28T17:36:58Z","v1.7.2026.13301","2026-05-12T13:33:59Z","OneFindInstaller-windows_1.7.exe","582","https://github.com/iawnfoanaowt/OneFind/releases/download/v1.7.2026.13301/OneFindInstaller-windows_1.7.exe"
"2026-06-28","2026-06-28T17:36:58Z","v1.6.2026.11705","2026-04-26T15:04:28Z","OneFindInstaller_1.6.exe","173","https://github.com/iawnfoanaowt/OneFind/releases/download/v1.6.2026.11705/OneFindInstaller_1.6.exe"
"2026-06-28","2026-06-28T17:36:58Z","v1.5.2026.10704","2026-04-16T08:24:20Z","OneFindInstaller_1.5.exe","107","https://github.com/iawnfoanaowt/OneFind/releases/download/v1.5.2026.10704/OneFindInstaller_1.5.exe"
"2026-06-28","2026-06-28T17:36:58Z","v1.5.2026.10609","2026-04-16T08:11:49Z","OneFindInstaller_1.5.exe","2","https://github.com/iawnfoanaowt/OneFind/releases/download/v1.5.2026.10609/OneFindInstaller_1.5.exe"
"2026-06-28","2026-06-28T17:36:58Z","v1.4.2026.10104","2026-04-11T14:47:23Z","KnowledgeBaseGatewayInstaller.exe","79","https://github.com/iawnfoanaowt/OneFind/releases/download/v1.4.2026.10104/KnowledgeBaseGatewayInstaller.exe"
"2026-06-28","2026-06-28T17:36:58Z","v1.2.2026.10009","2026-04-10T12:55:08Z","KnowledgeBaseGatewayInstaller.exe","29","https://github.com/iawnfoanaowt/OneFind/releases/download/v1.2.2026.10009/KnowledgeBaseGatewayInstaller.exe"
"2026-06-28","2026-06-28T17:36:58Z","v1.1.2026.9903","2026-04-09T13:52:18Z","KnowledgeBaseGatewayInstaller.exe","21","https://github.com/iawnfoanaowt/OneFind/releases/download/v1.1.2026.9903/KnowledgeBaseGatewayInstaller.exe"
"2026-06-29","2026-06-29T18:25:02Z","v1.7.2026.13301","2026-05-12T13:33:59Z","OneFind-macos-arm64-v1.7.dmg","94","https://github.com/iawnfoanaowt/OneFind/releases/download/v1.7.2026.13301/OneFind-macos-arm64-v1.7.dmg"
"2026-06-29","2026-06-29T18:25:02Z","v1.7.2026.13301","2026-05-12T13:33:59Z","OneFindInstaller-windows_1.7.exe","593","https://github.com/iawnfoanaowt/OneFind/releases/download/v1.7.2026.13301/OneFindInstaller-windows_1.7.exe"
"2026-06-29","2026-06-29T18:25:02Z","v1.6.2026.11705","2026-04-26T15:04:28Z","OneFindInstaller_1.6.exe","173","https://github.com/iawnfoanaowt/OneFind/releases/download/v1.6.2026.11705/OneFindInstaller_1.6.exe"
"2026-06-29","2026-06-29T18:25:02Z","v1.5.2026.10704","2026-04-16T08:24:20Z","OneFindInstaller_1.5.exe","107","https://github.com/iawnfoanaowt/OneFind/releases/download/v1.5.2026.10704/OneFindInstaller_1.5.exe"
"2026-06-29","2026-06-29T18:25:02Z","v1.5.2026.10609","2026-04-16T08:11:49Z","OneFindInstaller_1.5.exe","2","https://github.com/iawnfoanaowt/OneFind/releases/download/v1.5.2026.10609/OneFindInstaller_1.5.exe"
"2026-06-29","2026-06-29T18:25:02Z","v1.4.2026.10104","2026-04-11T14:47:23Z","KnowledgeBaseGatewayInstaller.exe","79","https://github.com/iawnfoanaowt/OneFind/releases/download/v1.4.2026.10104/KnowledgeBaseGatewayInstaller.exe"
"2026-06-29","2026-06-29T18:25:02Z","v1.2.2026.10009","2026-04-10T12:55:08Z","KnowledgeBaseGatewayInstaller.exe","29","https://github.com/iawnfoanaowt/OneFind/releases/download/v1.2.2026.10009/KnowledgeBaseGatewayInstaller.exe"
"2026-06-29","2026-06-29T18:25:02Z","v1.1.2026.9903","2026-04-09T13:52:18Z","KnowledgeBaseGatewayInstaller.exe","22","https://github.com/iawnfoanaowt/OneFind/releases/download/v1.1.2026.9903/KnowledgeBaseGatewayInstaller.exe"
"2026-06-30","2026-06-30T18:16:11Z","v1.7.2026.13301","2026-05-12T13:33:59Z","OneFind-macos-arm64-v1.7.dmg","94","https://github.com/iawnfoanaowt/OneFind/releases/download/v1.7.2026.13301/OneFind-macos-arm64-v1.7.dmg"
"2026-06-30","2026-06-30T18:16:11Z","v1.7.2026.13301","2026-05-12T13:33:59Z","OneFindInstaller-windows_1.7.exe","598","https://github.com/iawnfoanaowt/OneFind/releases/download/v1.7.2026.13301/OneFindInstaller-windows_1.7.exe"
"2026-06-30","2026-06-30T18:16:11Z","v1.6.2026.11705","2026-04-26T15:04:28Z","OneFindInstaller_1.6.exe","173","https://github.com/iawnfoanaowt/OneFind/releases/download/v1.6.2026.11705/OneFindInstaller_1.6.exe"
"2026-06-30","2026-06-30T18:16:11Z","v1.5.2026.10704","2026-04-16T08:24:20Z","OneFindInstaller_1.5.exe","107","https://github.com/iawnfoanaowt/OneFind/releases/download/v1.5.2026.10704/OneFindInstaller_1.5.exe"
"2026-06-30","2026-06-30T18:16:11Z","v1.5.2026.10609","2026-04-16T08:11:49Z","OneFindInstaller_1.5.exe","2","https://github.com/iawnfoanaowt/OneFind/releases/download/v1.5.2026.10609/OneFindInstaller_1.5.exe"
"2026-06-30","2026-06-30T18:16:11Z","v1.4.2026.10104","2026-04-11T14:47:23Z","KnowledgeBaseGatewayInstaller.exe","79","https://github.com/iawnfoanaowt/OneFind/releases/download/v1.4.2026.10104/KnowledgeBaseGatewayInstaller.exe"
"2026-06-30","2026-06-30T18:16:11Z","v1.2.2026.10009","2026-04-10T12:55:08Z","KnowledgeBaseGatewayInstaller.exe","29","https://github.com/iawnfoanaowt/OneFind/releases/download/v1.2.2026.10009/KnowledgeBaseGatewayInstaller.exe"
"2026-06-30","2026-06-30T18:16:11Z","v1.1.2026.9903","2026-04-09T13:52:18Z","KnowledgeBaseGatewayInstaller.exe","22","https://github.com/iawnfoanaowt/OneFind/releases/download/v1.1.2026.9903/KnowledgeBaseGatewayInstaller.exe"
"2026-07-01","2026-07-01T18:18:04Z","v1.7.2026.13301","2026-05-12T13:33:59Z","OneFind-macos-arm64-v1.7.dmg","94","https://github.com/iawnfoanaowt/OneFind/releases/download/v1.7.2026.13301/OneFind-macos-arm64-v1.7.dmg"
"2026-07-01","2026-07-01T18:18:04Z","v1.7.2026.13301","2026-05-12T13:33:59Z","OneFindInstaller-windows_1.7.exe","598","https://github.com/iawnfoanaowt/OneFind/releases/download/v1.7.2026.13301/OneFindInstaller-windows_1.7.exe"
"2026-07-01","2026-07-01T18:18:04Z","v1.6.2026.11705","2026-04-26T15:04:28Z","OneFindInstaller_1.6.exe","173","https://github.com/iawnfoanaowt/OneFind/releases/download/v1.6.2026.11705/OneFindInstaller_1.6.exe"
"2026-07-01","2026-07-01T18:18:04Z","v1.5.2026.10704","2026-04-16T08:24:20Z","OneFindInstaller_1.5.exe","107","https://github.com/iawnfoanaowt/OneFind/releases/download/v1.5.2026.10704/OneFindInstaller_1.5.exe"
"2026-07-01","2026-07-01T18:18:04Z","v1.5.2026.10609","2026-04-16T08:11:49Z","OneFindInstaller_1.5.exe","2","https://github.com/iawnfoanaowt/OneFind/releases/download/v1.5.2026.10609/OneFindInstaller_1.5.exe"
"2026-07-01","2026-07-01T18:18:04Z","v1.4.2026.10104","2026-04-11T14:47:23Z","KnowledgeBaseGatewayInstaller.exe","79","https://github.com/iawnfoanaowt/OneFind/releases/download/v1.4.2026.10104/KnowledgeBaseGatewayInstaller.exe"
"2026-07-01","2026-07-01T18:18:04Z","v1.2.2026.10009","2026-04-10T12:55:08Z","KnowledgeBaseGatewayInstaller.exe","29","https://github.com/iawnfoanaowt/OneFind/releases/download/v1.2.2026.10009/KnowledgeBaseGatewayInstaller.exe"
"2026-07-01","2026-07-01T18:18:04Z","v1.1.2026.9903","2026-04-09T13:52:18Z","KnowledgeBaseGatewayInstaller.exe","22","https://github.com/iawnfoanaowt/OneFind/releases/download/v1.1.2026.9903/KnowledgeBaseGatewayInstaller.exe"
"2026-07-02","2026-07-02T18:03:06Z","v1.7.2026.13301","2026-05-12T13:33:59Z","OneFind-macos-arm64-v1.7.dmg","94","https://github.com/iawnfoanaowt/OneFind/releases/download/v1.7.2026.13301/OneFind-macos-arm64-v1.7.dmg"
"2026-07-02","2026-07-02T18:03:06Z","v1.7.2026.13301","2026-05-12T13:33:59Z","OneFindInstaller-windows_1.7.exe","602","https://github.com/iawnfoanaowt/OneFind/releases/download/v1.7.2026.13301/OneFindInstaller-windows_1.7.exe"
"2026-07-02","2026-07-02T18:03:06Z","v1.6.2026.11705","2026-04-26T15:04:28Z","OneFindInstaller_1.6.exe","173","https://github.com/iawnfoanaowt/OneFind/releases/download/v1.6.2026.11705/OneFindInstaller_1.6.exe"
"2026-07-02","2026-07-02T18:03:06Z","v1.5.2026.10704","2026-04-16T08:24:20Z","OneFindInstaller_1.5.exe","107","https://github.com/iawnfoanaowt/OneFind/releases/download/v1.5.2026.10704/OneFindInstaller_1.5.exe"
"2026-07-02","2026-07-02T18:03:06Z","v1.5.2026.10609","2026-04-16T08:11:49Z","OneFindInstaller_1.5.exe","2","https://github.com/iawnfoanaowt/OneFind/releases/download/v1.5.2026.10609/OneFindInstaller_1.5.exe"
"2026-07-02","2026-07-02T18:03:06Z","v1.4.2026.10104","2026-04-11T14:47:23Z","KnowledgeBaseGatewayInstaller.exe","79","https://github.com/iawnfoanaowt/OneFind/releases/download/v1.4.2026.10104/KnowledgeBaseGatewayInstaller.exe"
"2026-07-02","2026-07-02T18:03:06Z","v1.2.2026.10009","2026-04-10T12:55:08Z","KnowledgeBaseGatewayInstaller.exe","29","https://github.com/iawnfoanaowt/OneFind/releases/download/v1.2.2026.10009/KnowledgeBaseGatewayInstaller.exe"
"2026-07-02","2026-07-02T18:03:06Z","v1.1.2026.9903","2026-04-09T13:52:18Z","KnowledgeBaseGatewayInstaller.exe","22","https://github.com/iawnfoanaowt/OneFind/releases/download/v1.1.2026.9903/KnowledgeBaseGatewayInstaller.exe"
"2026-07-03","2026-07-03T17:51:10Z","v1.7.2026.13301","2026-05-12T13:33:59Z","OneFind-macos-arm64-v1.7.dmg","94","https://github.com/iawnfoanaowt/OneFind/releases/download/v1.7.2026.13301/OneFind-macos-arm64-v1.7.dmg"
"2026-07-03","2026-07-03T17:51:10Z","v1.7.2026.13301","2026-05-12T13:33:59Z","OneFindInstaller-windows_1.7.exe","605","https://github.com/iawnfoanaowt/OneFind/releases/download/v1.7.2026.13301/OneFindInstaller-windows_1.7.exe"
"2026-07-03","2026-07-03T17:51:10Z","v1.6.2026.11705","2026-04-26T15:04:28Z","OneFindInstaller_1.6.exe","173","https://github.com/iawnfoanaowt/OneFind/releases/download/v1.6.2026.11705/OneFindInstaller_1.6.exe"
"2026-07-03","2026-07-03T17:51:10Z","v1.5.2026.10704","2026-04-16T08:24:20Z","OneFindInstaller_1.5.exe","107","https://github.com/iawnfoanaowt/OneFind/releases/download/v1.5.2026.10704/OneFindInstaller_1.5.exe"
"2026-07-03","2026-07-03T17:51:10Z","v1.5.2026.10609","2026-04-16T08:11:49Z","OneFindInstaller_1.5.exe","2","https://github.com/iawnfoanaowt/OneFind/releases/download/v1.5.2026.10609/OneFindInstaller_1.5.exe"
"2026-07-03","2026-07-03T17:51:10Z","v1.4.2026.10104","2026-04-11T14:47:23Z","KnowledgeBaseGatewayInstaller.exe","79","https://github.com/iawnfoanaowt/OneFind/releases/download/v1.4.2026.10104/KnowledgeBaseGatewayInstaller.exe"
"2026-07-03","2026-07-03T17:51:10Z","v1.2.2026.10009","2026-04-10T12:55:08Z","KnowledgeBaseGatewayInstaller.exe","29","https://github.com/iawnfoanaowt/OneFind/releases/download/v1.2.2026.10009/KnowledgeBaseGatewayInstaller.exe"
"2026-07-03","2026-07-03T17:51:10Z","v1.1.2026.9903","2026-04-09T13:52:18Z","KnowledgeBaseGatewayInstaller.exe","22","https://github.com/iawnfoanaowt/OneFind/releases/download/v1.1.2026.9903/KnowledgeBaseGatewayInstaller.exe"
"2026-07-04","2026-07-04T17:29:48Z","v1.7.2026.13301","2026-05-12T13:33:59Z","OneFind-macos-arm64-v1.7.dmg","94","https://github.com/iawnfoanaowt/OneFind/releases/download/v1.7.2026.13301/OneFind-macos-arm64-v1.7.dmg"
"2026-07-04","2026-07-04T17:29:48Z","v1.7.2026.13301","2026-05-12T13:33:59Z","OneFindInstaller-windows_1.7.exe","607","https://github.com/iawnfoanaowt/OneFind/releases/download/v1.7.2026.13301/OneFindInstaller-windows_1.7.exe"
"2026-07-04","2026-07-04T17:29:48Z","v1.6.2026.11705","2026-04-26T15:04:28Z","OneFindInstaller_1.6.exe","173","https://github.com/iawnfoanaowt/OneFind/releases/download/v1.6.2026.11705/OneFindInstaller_1.6.exe"
"2026-07-04","2026-07-04T17:29:48Z","v1.5.2026.10704","2026-04-16T08:24:20Z","OneFindInstaller_1.5.exe","107","https://github.com/iawnfoanaowt/OneFind/releases/download/v1.5.2026.10704/OneFindInstaller_1.5.exe"
"2026-07-04","2026-07-04T17:29:48Z","v1.5.2026.10609","2026-04-16T08:11:49Z","OneFindInstaller_1.5.exe","2","https://github.com/iawnfoanaowt/OneFind/releases/download/v1.5.2026.10609/OneFindInstaller_1.5.exe"
"2026-07-04","2026-07-04T17:29:48Z","v1.4.2026.10104","2026-04-11T14:47:23Z","KnowledgeBaseGatewayInstaller.exe","79","https://github.com/iawnfoanaowt/OneFind/releases/download/v1.4.2026.10104/KnowledgeBaseGatewayInstaller.exe"
"2026-07-04","2026-07-04T17:29:48Z","v1.2.2026.10009","2026-04-10T12:55:08Z","KnowledgeBaseGatewayInstaller.exe","29","https://github.com/iawnfoanaowt/OneFind/releases/download/v1.2.2026.10009/KnowledgeBaseGatewayInstaller.exe"
"2026-07-04","2026-07-04T17:29:48Z","v1.1.2026.9903","2026-04-09T13:52:18Z","KnowledgeBaseGatewayInstaller.exe","22","https://github.com/iawnfoanaowt/OneFind/releases/download/v1.1.2026.9903/KnowledgeBaseGatewayInstaller.exe"
"2026-07-05","2026-07-05T17:32:56Z","v1.7.2026.13301","2026-05-12T13:33:59Z","OneFind-macos-arm64-v1.7.dmg","96","https://github.com/iawnfoanaowt/OneFind/releases/download/v1.7.2026.13301/OneFind-macos-arm64-v1.7.dmg"
"2026-07-05","2026-07-05T17:32:56Z","v1.7.2026.13301","2026-05-12T13:33:59Z","OneFindInstaller-windows_1.7.exe","608","https://github.com/iawnfoanaowt/OneFind/releases/download/v1.7.2026.13301/OneFindInstaller-windows_1.7.exe"
"2026-07-05","2026-07-05T17:32:56Z","v1.6.2026.11705","2026-04-26T15:04:28Z","OneFindInstaller_1.6.exe","173","https://github.com/iawnfoanaowt/OneFind/releases/download/v1.6.2026.11705/OneFindInstaller_1.6.exe"
"2026-07-05","2026-07-05T17:32:56Z","v1.5.2026.10704","2026-04-16T08:24:20Z","OneFindInstaller_1.5.exe","107","https://github.com/iawnfoanaowt/OneFind/releases/download/v1.5.2026.10704/OneFindInstaller_1.5.exe"
"2026-07-05","2026-07-05T17:32:56Z","v1.5.2026.10609","2026-04-16T08:11:49Z","OneFindInstaller_1.5.exe","2","https://github.com/iawnfoanaowt/OneFind/releases/download/v1.5.2026.10609/OneFindInstaller_1.5.exe"
"2026-07-05","2026-07-05T17:32:56Z","v1.4.2026.10104","2026-04-11T14:47:23Z","KnowledgeBaseGatewayInstaller.exe","79","https://github.com/iawnfoanaowt/OneFind/releases/download/v1.4.2026.10104/KnowledgeBaseGatewayInstaller.exe"
"2026-07-05","2026-07-05T17:32:56Z","v1.2.2026.10009","2026-04-10T12:55:08Z","KnowledgeBaseGatewayInstaller.exe","29","https://github.com/iawnfoanaowt/OneFind/releases/download/v1.2.2026.10009/KnowledgeBaseGatewayInstaller.exe"
"2026-07-05","2026-07-05T17:32:56Z","v1.1.2026.9903","2026-04-09T13:52:18Z","KnowledgeBaseGatewayInstaller.exe","22","https://github.com/iawnfoanaowt/OneFind/releases/download/v1.1.2026.9903/KnowledgeBaseGatewayInstaller.exe"
"2026-07-06","2026-07-06T18:21:32Z","v1.7.2026.13301","2026-05-12T13:33:59Z","OneFind-macos-arm64-v1.7.dmg","97","https://github.com/iawnfoanaowt/OneFind/releases/download/v1.7.2026.13301/OneFind-macos-arm64-v1.7.dmg"
"2026-07-06","2026-07-06T18:21:32Z","v1.7.2026.13301","2026-05-12T13:33:59Z","OneFindInstaller-windows_1.7.exe","617","https://github.com/iawnfoanaowt/OneFind/releases/download/v1.7.2026.13301/OneFindInstaller-windows_1.7.exe"
"2026-07-06","2026-07-06T18:21:32Z","v1.6.2026.11705","2026-04-26T15:04:28Z","OneFindInstaller_1.6.exe","173","https://github.com/iawnfoanaowt/OneFind/releases/download/v1.6.2026.11705/OneFindInstaller_1.6.exe"
"2026-07-06","2026-07-06T18:21:32Z","v1.5.2026.10704","2026-04-16T08:24:20Z","OneFindInstaller_1.5.exe","107","https://github.com/iawnfoanaowt/OneFind/releases/download/v1.5.2026.10704/OneFindInstaller_1.5.exe"
"2026-07-06","2026-07-06T18:21:32Z","v1.5.2026.10609","2026-04-16T08:11:49Z","OneFindInstaller_1.5.exe","2","https://github.com/iawnfoanaowt/OneFind/releases/download/v1.5.2026.10609/OneFindInstaller_1.5.exe"
"2026-07-06","2026-07-06T18:21:32Z","v1.4.2026.10104","2026-04-11T14:47:23Z","KnowledgeBaseGatewayInstaller.exe","79","https://github.com/iawnfoanaowt/OneFind/releases/download/v1.4.2026.10104/KnowledgeBaseGatewayInstaller.exe"
"2026-07-06","2026-07-06T18:21:32Z","v1.2.2026.10009","2026-04-10T12:55:08Z","KnowledgeBaseGatewayInstaller.exe","29","https://github.com/iawnfoanaowt/OneFind/releases/download/v1.2.2026.10009/KnowledgeBaseGatewayInstaller.exe"
"2026-07-06","2026-07-06T18:21:32Z","v1.1.2026.9903","2026-04-09T13:52:18Z","KnowledgeBaseGatewayInstaller.exe","22","https://github.com/iawnfoanaowt/OneFind/releases/download/v1.1.2026.9903/KnowledgeBaseGatewayInstaller.exe"
"2026-07-07","2026-07-07T18:22:41Z","v1.7.2026.13301","2026-05-12T13:33:59Z","OneFind-macos-arm64-v1.7.dmg","98","https://github.com/iawnfoanaowt/OneFind/releases/download/v1.7.2026.13301/OneFind-macos-arm64-v1.7.dmg"
"2026-07-07","2026-07-07T18:22:41Z","v1.7.2026.13301","2026-05-12T13:33:59Z","OneFindInstaller-windows_1.7.exe","621","https://github.com/iawnfoanaowt/OneFind/releases/download/v1.7.2026.13301/OneFindInstaller-windows_1.7.exe"
"2026-07-07","2026-07-07T18:22:41Z","v1.6.2026.11705","2026-04-26T15:04:28Z","OneFindInstaller_1.6.exe","173","https://github.com/iawnfoanaowt/OneFind/releases/download/v1.6.2026.11705/OneFindInstaller_1.6.exe"
"2026-07-07","2026-07-07T18:22:41Z","v1.5.2026.10704","2026-04-16T08:24:20Z","OneFindInstaller_1.5.exe","107","https://github.com/iawnfoanaowt/OneFind/releases/download/v1.5.2026.10704/OneFindInstaller_1.5.exe"
"2026-07-07","2026-07-07T18:22:41Z","v1.5.2026.10609","2026-04-16T08:11:49Z","OneFindInstaller_1.5.exe","2","https://github.com/iawnfoanaowt/OneFind/releases/download/v1.5.2026.10609/OneFindInstaller_1.5.exe"
"2026-07-07","2026-07-07T18:22:41Z","v1.4.2026.10104","2026-04-11T14:47:23Z","KnowledgeBaseGatewayInstaller.exe","79","https://github.com/iawnfoanaowt/OneFind/releases/download/v1.4.2026.10104/KnowledgeBaseGatewayInstaller.exe"
"2026-07-07","2026-07-07T18:22:41Z","v1.2.2026.10009","2026-04-10T12:55:08Z","KnowledgeBaseGatewayInstaller.exe","29","https://github.com/iawnfoanaowt/OneFind/releases/download/v1.2.2026.10009/KnowledgeBaseGatewayInstaller.exe"
"2026-07-07","2026-07-07T18:22:41Z","v1.1.2026.9903","2026-04-09T13:52:18Z","KnowledgeBaseGatewayInstaller.exe","22","https://github.com/iawnfoanaowt/OneFind/releases/download/v1.1.2026.9903/KnowledgeBaseGatewayInstaller.exe"
"2026-07-08","2026-07-08T17:53:06Z","v1.7.2026.13301","2026-05-12T13:33:59Z","OneFind-macos-arm64-v1.7.dmg","98","https://github.com/iawnfoanaowt/OneFind/releases/download/v1.7.2026.13301/OneFind-macos-arm64-v1.7.dmg"
"2026-07-08","2026-07-08T17:53:06Z","v1.7.2026.13301","2026-05-12T13:33:59Z","OneFindInstaller-windows_1.7.exe","621","https://github.com/iawnfoanaowt/OneFind/releases/download/v1.7.2026.13301/OneFindInstaller-windows_1.7.exe"
"2026-07-08","2026-07-08T17:53:06Z","v1.6.2026.11705","2026-04-26T15:04:28Z","OneFindInstaller_1.6.exe","173","https://github.com/iawnfoanaowt/OneFind/releases/download/v1.6.2026.11705/OneFindInstaller_1.6.exe"
"2026-07-08","2026-07-08T17:53:06Z","v1.5.2026.10704","2026-04-16T08:24:20Z","OneFindInstaller_1.5.exe","107","https://github.com/iawnfoanaowt/OneFind/releases/download/v1.5.2026.10704/OneFindInstaller_1.5.exe"
"2026-07-08","2026-07-08T17:53:06Z","v1.5.2026.10609","2026-04-16T08:11:49Z","OneFindInstaller_1.5.exe","2","https://github.com/iawnfoanaowt/OneFind/releases/download/v1.5.2026.10609/OneFindInstaller_1.5.exe"
"2026-07-08","2026-07-08T17:53:06Z","v1.4.2026.10104","2026-04-11T14:47:23Z","KnowledgeBaseGatewayInstaller.exe","79","https://github.com/iawnfoanaowt/OneFind/releases/download/v1.4.2026.10104/KnowledgeBaseGatewayInstaller.exe"
"2026-07-08","2026-07-08T17:53:06Z","v1.2.2026.10009","2026-04-10T12:55:08Z","KnowledgeBaseGatewayInstaller.exe","29","https://github.com/iawnfoanaowt/OneFind/releases/download/v1.2.2026.10009/KnowledgeBaseGatewayInstaller.exe"
"2026-07-08","2026-07-08T17:53:06Z","v1.1.2026.9903","2026-04-09T13:52:18Z","KnowledgeBaseGatewayInstaller.exe","22","https://github.com/iawnfoanaowt/OneFind/releases/download/v1.1.2026.9903/KnowledgeBaseGatewayInstaller.exe"
"2026-07-09","2026-07-09T18:12:26Z","v1.7.2026.13301","2026-05-12T13:33:59Z","OneFind-macos-arm64-v1.7.dmg","98","https://github.com/iawnfoanaowt/OneFind/releases/download/v1.7.2026.13301/OneFind-macos-arm64-v1.7.dmg"
"2026-07-09","2026-07-09T18:12:26Z","v1.7.2026.13301","2026-05-12T13:33:59Z","OneFindInstaller-windows_1.7.exe","625","https://github.com/iawnfoanaowt/OneFind/releases/download/v1.7.2026.13301/OneFindInstaller-windows_1.7.exe"
"2026-07-09","2026-07-09T18:12:26Z","v1.6.2026.11705","2026-04-26T15:04:28Z","OneFindInstaller_1.6.exe","173","https://github.com/iawnfoanaowt/OneFind/releases/download/v1.6.2026.11705/OneFindInstaller_1.6.exe"
"2026-07-09","2026-07-09T18:12:26Z","v1.5.2026.10704","2026-04-16T08:24:20Z","OneFindInstaller_1.5.exe","107","https://github.com/iawnfoanaowt/OneFind/releases/download/v1.5.2026.10704/OneFindInstaller_1.5.exe"
"2026-07-09","2026-07-09T18:12:26Z","v1.5.2026.10609","2026-04-16T08:11:49Z","OneFindInstaller_1.5.exe","2","https://github.com/iawnfoanaowt/OneFind/releases/download/v1.5.2026.10609/OneFindInstaller_1.5.exe"
"2026-07-09","2026-07-09T18:12:26Z","v1.4.2026.10104","2026-04-11T14:47:23Z","KnowledgeBaseGatewayInstaller.exe","79","https://github.com/iawnfoanaowt/OneFind/releases/download/v1.4.2026.10104/KnowledgeBaseGatewayInstaller.exe"
"2026-07-09","2026-07-09T18:12:26Z","v1.2.2026.10009","2026-04-10T12:55:08Z","KnowledgeBaseGatewayInstaller.exe","29","https://github.com/iawnfoanaowt/OneFind/releases/download/v1.2.2026.10009/KnowledgeBaseGatewayInstaller.exe"
"2026-07-09","2026-07-09T18:12:26Z","v1.1.2026.9903","2026-04-09T13:52:18Z","KnowledgeBaseGatewayInstaller.exe","22","https://github.com/iawnfoanaowt/OneFind/releases/download/v1.1.2026.9903/KnowledgeBaseGatewayInstaller.exe"
"2026-07-10","2026-07-10T18:02:23Z","v1.7.2026.13301","2026-05-12T13:33:59Z","OneFind-macos-arm64-v1.7.dmg","99","https://github.com/iawnfoanaowt/OneFind/releases/download/v1.7.2026.13301/OneFind-macos-arm64-v1.7.dmg"
"2026-07-10","2026-07-10T18:02:23Z","v1.7.2026.13301","2026-05-12T13:33:59Z","OneFindInstaller-windows_1.7.exe","632","https://github.com/iawnfoanaowt/OneFind/releases/download/v1.7.2026.13301/OneFindInstaller-windows_1.7.exe"
"2026-07-10","2026-07-10T18:02:23Z","v1.6.2026.11705","2026-04-26T15:04:28Z","OneFindInstaller_1.6.exe","174","https://github.com/iawnfoanaowt/OneFind/releases/download/v1.6.2026.11705/OneFindInstaller_1.6.exe"
"2026-07-10","2026-07-10T18:02:23Z","v1.5.2026.10704","2026-04-16T08:24:20Z","OneFindInstaller_1.5.exe","107","https://github.com/iawnfoanaowt/OneFind/releases/download/v1.5.2026.10704/OneFindInstaller_1.5.exe"
"2026-07-10","2026-07-10T18:02:23Z","v1.5.2026.10609","2026-04-16T08:11:49Z","OneFindInstaller_1.5.exe","2","https://github.com/iawnfoanaowt/OneFind/releases/download/v1.5.2026.10609/OneFindInstaller_1.5.exe"
"2026-07-10","2026-07-10T18:02:23Z","v1.4.2026.10104","2026-04-11T14:47:23Z","KnowledgeBaseGatewayInstaller.exe","79","https://github.com/iawnfoanaowt/OneFind/releases/download/v1.4.2026.10104/KnowledgeBaseGatewayInstaller.exe"
"2026-07-10","2026-07-10T18:02:23Z","v1.2.2026.10009","2026-04-10T12:55:08Z","KnowledgeBaseGatewayInstaller.exe","29","https://github.com/iawnfoanaowt/OneFind/releases/download/v1.2.2026.10009/KnowledgeBaseGatewayInstaller.exe"
"2026-07-10","2026-07-10T18:02:23Z","v1.1.2026.9903","2026-04-09T13:52:18Z","KnowledgeBaseGatewayInstaller.exe","22","https://github.com/iawnfoanaowt/OneFind/releases/download/v1.1.2026.9903/KnowledgeBaseGatewayInstaller.exe"
"2026-07-11","2026-07-11T17:17:51Z","v1.7.2026.13301","2026-05-12T13:33:59Z","OneFind-macos-arm64-v1.7.dmg","99","https://github.com/iawnfoanaowt/OneFind/releases/download/v1.7.2026.13301/OneFind-macos-arm64-v1.7.dmg"
"2026-07-11","2026-07-11T17:17:51Z","v1.7.2026.13301","2026-05-12T13:33:59Z","OneFindInstaller-windows_1.7.exe","635","https://github.com/iawnfoanaowt/OneFind/releases/download/v1.7.2026.13301/OneFindInstaller-windows_1.7.exe"
"2026-07-11","2026-07-11T17:17:51Z","v1.6.2026.11705","2026-04-26T15:04:28Z","OneFindInstaller_1.6.exe","174","https://github.com/iawnfoanaowt/OneFind/releases/download/v1.6.2026.11705/OneFindInstaller_1.6.exe"
"2026-07-11","2026-07-11T17:17:51Z","v1.5.2026.10704","2026-04-16T08:24:20Z","OneFindInstaller_1.5.exe","107","https://github.com/iawnfoanaowt/OneFind/releases/download/v1.5.2026.10704/OneFindInstaller_1.5.exe"
"2026-07-11","2026-07-11T17:17:51Z","v1.5.2026.10609","2026-04-16T08:11:49Z","OneFindInstaller_1.5.exe","2","https://github.com/iawnfoanaowt/OneFind/releases/download/v1.5.2026.10609/OneFindInstaller_1.5.exe"
"2026-07-11","2026-07-11T17:17:51Z","v1.4.2026.10104","2026-04-11T14:47:23Z","KnowledgeBaseGatewayInstaller.exe","79","https://github.com/iawnfoanaowt/OneFind/releases/download/v1.4.2026.10104/KnowledgeBaseGatewayInstaller.exe"
"2026-07-11","2026-07-11T17:17:51Z","v1.2.2026.10009","2026-04-10T12:55:08Z","KnowledgeBaseGatewayInstaller.exe","29","https://github.com/iawnfoanaowt/OneFind/releases/download/v1.2.2026.10009/KnowledgeBaseGatewayInstaller.exe"
"2026-07-11","2026-07-11T17:17:51Z","v1.1.2026.9903","2026-04-09T13:52:18Z","KnowledgeBaseGatewayInstaller.exe","22","https://github.com/iawnfoanaowt/OneFind/releases/download/v1.1.2026.9903/KnowledgeBaseGatewayInstaller.exe"
"2026-07-12","2026-07-12T17:27:48Z","v1.7.2026.13301","2026-05-12T13:33:59Z","OneFind-macos-arm64-v1.7.dmg","100","https://github.com/iawnfoanaowt/OneFind/releases/download/v1.7.2026.13301/OneFind-macos-arm64-v1.7.dmg"
"2026-07-12","2026-07-12T17:27:48Z","v1.7.2026.13301","2026-05-12T13:33:59Z","OneFindInstaller-windows_1.7.exe","642","https://github.com/iawnfoanaowt/OneFind/releases/download/v1.7.2026.13301/OneFindInstaller-windows_1.7.exe"
"2026-07-12","2026-07-12T17:27:48Z","v1.6.2026.11705","2026-04-26T15:04:28Z","OneFindInstaller_1.6.exe","174","https://github.com/iawnfoanaowt/OneFind/releases/download/v1.6.2026.11705/OneFindInstaller_1.6.exe"
"2026-07-12","2026-07-12T17:27:48Z","v1.5.2026.10704","2026-04-16T08:24:20Z","OneFindInstaller_1.5.exe","107","https://github.com/iawnfoanaowt/OneFind/releases/download/v1.5.2026.10704/OneFindInstaller_1.5.exe"
"2026-07-12","2026-07-12T17:27:48Z","v1.5.2026.10609","2026-04-16T08:11:49Z","OneFindInstaller_1.5.exe","2","https://github.com/iawnfoanaowt/OneFind/releases/download/v1.5.2026.10609/OneFindInstaller_1.5.exe"
"2026-07-12","2026-07-12T17:27:48Z","v1.4.2026.10104","2026-04-11T14:47:23Z","KnowledgeBaseGatewayInstaller.exe","79","https://github.com/iawnfoanaowt/OneFind/releases/download/v1.4.2026.10104/KnowledgeBaseGatewayInstaller.exe"
"2026-07-12","2026-07-12T17:27:48Z","v1.2.2026.10009","2026-04-10T12:55:08Z","KnowledgeBaseGatewayInstaller.exe","29","https://github.com/iawnfoanaowt/OneFind/releases/download/v1.2.2026.10009/KnowledgeBaseGatewayInstaller.exe"
"2026-07-12","2026-07-12T17:27:48Z","v1.1.2026.9903","2026-04-09T13:52:18Z","KnowledgeBaseGatewayInstaller.exe","22","https://github.com/iawnfoanaowt/OneFind/releases/download/v1.1.2026.9903/KnowledgeBaseGatewayInstaller.exe"
"2026-07-13","2026-07-13T18:11:16Z","v1.7.2026.13301","2026-05-12T13:33:59Z","OneFind-macos-arm64-v1.7.dmg","100","https://github.com/iawnfoanaowt/OneFind/releases/download/v1.7.2026.13301/OneFind-macos-arm64-v1.7.dmg"
"2026-07-13","2026-07-13T18:11:16Z","v1.7.2026.13301","2026-05-12T13:33:59Z","OneFindInstaller-windows_1.7.exe","642","https://github.com/iawnfoanaowt/OneFind/releases/download/v1.7.2026.13301/OneFindInstaller-windows_1.7.exe"
"2026-07-13","2026-07-13T18:11:16Z","v1.6.2026.11705","2026-04-26T15:04:28Z","OneFindInstaller_1.6.exe","174","https://github.com/iawnfoanaowt/OneFind/releases/download/v1.6.2026.11705/OneFindInstaller_1.6.exe"
"2026-07-13","2026-07-13T18:11:16Z","v1.5.2026.10704","2026-04-16T08:24:20Z","OneFindInstaller_1.5.exe","107","https://github.com/iawnfoanaowt/OneFind/releases/download/v1.5.2026.10704/OneFindInstaller_1.5.exe"
"2026-07-13","2026-07-13T18:11:16Z","v1.5.2026.10609","2026-04-16T08:11:49Z","OneFindInstaller_1.5.exe","2","https://github.com/iawnfoanaowt/OneFind/releases/download/v1.5.2026.10609/OneFindInstaller_1.5.exe"
"2026-07-13","2026-07-13T18:11:16Z","v1.4.2026.10104","2026-04-11T14:47:23Z","KnowledgeBaseGatewayInstaller.exe","79","https://github.com/iawnfoanaowt/OneFind/releases/download/v1.4.2026.10104/KnowledgeBaseGatewayInstaller.exe"
"2026-07-13","2026-07-13T18:11:16Z","v1.2.2026.10009","2026-04-10T12:55:08Z","KnowledgeBaseGatewayInstaller.exe","29","https://github.com/iawnfoanaowt/OneFind/releases/download/v1.2.2026.10009/KnowledgeBaseGatewayInstaller.exe"
"2026-07-13","2026-07-13T18:11:16Z","v1.1.2026.9903","2026-04-09T13:52:18Z","KnowledgeBaseGatewayInstaller.exe","23","https://github.com/iawnfoanaowt/OneFind/releases/download/v1.1.2026.9903/KnowledgeBaseGatewayInstaller.exe"
"2026-07-14","2026-07-14T17:35:46Z","v1.7.2026.13301","2026-05-12T13:33:59Z","OneFind-macos-arm64-v1.7.dmg","100","https://github.com/iawnfoanaowt/OneFind/releases/download/v1.7.2026.13301/OneFind-macos-arm64-v1.7.dmg"
"2026-07-14","2026-07-14T17:35:46Z","v1.7.2026.13301","2026-05-12T13:33:59Z","OneFindInstaller-windows_1.7.exe","643","https://github.com/iawnfoanaowt/OneFind/releases/download/v1.7.2026.13301/OneFindInstaller-windows_1.7.exe"
"2026-07-14","2026-07-14T17:35:46Z","v1.6.2026.11705","2026-04-26T15:04:28Z","OneFindInstaller_1.6.exe","174","https://github.com/iawnfoanaowt/OneFind/releases/download/v1.6.2026.11705/OneFindInstaller_1.6.exe"
"2026-07-14","2026-07-14T17:35:46Z","v1.5.2026.10704","2026-04-16T08:24:20Z","OneFindInstaller_1.5.exe","107","https://github.com/iawnfoanaowt/OneFind/releases/download/v1.5.2026.10704/OneFindInstaller_1.5.exe"
"2026-07-14","2026-07-14T17:35:46Z","v1.5.2026.10609","2026-04-16T08:11:49Z","OneFindInstaller_1.5.exe","2","https://github.com/iawnfoanaowt/OneFind/releases/download/v1.5.2026.10609/OneFindInstaller_1.5.exe"
"2026-07-14","2026-07-14T17:35:46Z","v1.4.2026.10104","2026-04-11T14:47:23Z","KnowledgeBaseGatewayInstaller.exe","79","https://github.com/iawnfoanaowt/OneFind/releases/download/v1.4.2026.10104/KnowledgeBaseGatewayInstaller.exe"
"2026-07-14","2026-07-14T17:35:46Z","v1.2.2026.10009","2026-04-10T12:55:08Z","KnowledgeBaseGatewayInstaller.exe","29","https://github.com/iawnfoanaowt/OneFind/releases/download/v1.2.2026.10009/KnowledgeBaseGatewayInstaller.exe"
"2026-07-14","2026-07-14T17:35:46Z","v1.1.2026.9903","2026-04-09T13:52:18Z","KnowledgeBaseGatewayInstaller.exe","23","https://github.com/iawnfoanaowt/OneFind/releases/download/v1.1.2026.9903/KnowledgeBaseGatewayInstaller.exe"
"2026-07-15","2026-07-15T17:40:35Z","v1.7.2026.13301","2026-05-12T13:33:59Z","OneFind-macos-arm64-v1.7.dmg","101","https://github.com/iawnfoanaowt/OneFind/releases/download/v1.7.2026.13301/OneFind-macos-arm64-v1.7.dmg"
"2026-07-15","2026-07-15T17:40:35Z","v1.7.2026.13301","2026-05-12T13:33:59Z","OneFindInstaller-windows_1.7.exe","648","https://github.com/iawnfoanaowt/OneFind/releases/download/v1.7.2026.13301/OneFindInstaller-windows_1.7.exe"
"2026-07-15","2026-07-15T17:40:35Z","v1.6.2026.11705","2026-04-26T15:04:28Z","OneFindInstaller_1.6.exe","174","https://github.com/iawnfoanaowt/OneFind/releases/download/v1.6.2026.11705/OneFindInstaller_1.6.exe"
"2026-07-15","2026-07-15T17:40:35Z","v1.5.2026.10704","2026-04-16T08:24:20Z","OneFindInstaller_1.5.exe","107","https://github.com/iawnfoanaowt/OneFind/releases/download/v1.5.2026.10704/OneFindInstaller_1.5.exe"
"2026-07-15","2026-07-15T17:40:35Z","v1.5.2026.10609","2026-04-16T08:11:49Z","OneFindInstaller_1.5.exe","2","https://github.com/iawnfoanaowt/OneFind/releases/download/v1.5.2026.10609/OneFindInstaller_1.5.exe"
"2026-07-15","2026-07-15T17:40:35Z","v1.4.2026.10104","2026-04-11T14:47:23Z","KnowledgeBaseGatewayInstaller.exe","79","https://github.com/iawnfoanaowt/OneFind/releases/download/v1.4.2026.10104/KnowledgeBaseGatewayInstaller.exe"
"2026-07-15","2026-07-15T17:40:35Z","v1.2.2026.10009","2026-04-10T12:55:08Z","KnowledgeBaseGatewayInstaller.exe","30","https://github.com/iawnfoanaowt/OneFind/releases/download/v1.2.2026.10009/KnowledgeBaseGatewayInstaller.exe"
"2026-07-15","2026-07-15T17:40:35Z","v1.1.2026.9903","2026-04-09T13:52:18Z","KnowledgeBaseGatewayInstaller.exe","23","https://github.com/iawnfoanaowt/OneFind/releases/download/v1.1.2026.9903/KnowledgeBaseGatewayInstaller.exe"
"2026-07-16","2026-07-16T17:41:21Z","v1.7.2026.13301","2026-05-12T13:33:59Z","OneFind-macos-arm64-v1.7.dmg","102","https://github.com/iawnfoanaowt/OneFind/releases/download/v1.7.2026.13301/OneFind-macos-arm64-v1.7.dmg"
"2026-07-16","2026-07-16T17:41:21Z","v1.7.2026.13301","2026-05-12T13:33:59Z","OneFindInstaller-windows_1.7.exe","649","https://github.com/iawnfoanaowt/OneFind/releases/download/v1.7.2026.13301/OneFindInstaller-windows_1.7.exe"
"2026-07-16","2026-07-16T17:41:21Z","v1.6.2026.11705","2026-04-26T15:04:28Z","OneFindInstaller_1.6.exe","174","https://github.com/iawnfoanaowt/OneFind/releases/download/v1.6.2026.11705/OneFindInstaller_1.6.exe"
"2026-07-16","2026-07-16T17:41:21Z","v1.5.2026.10704","2026-04-16T08:24:20Z","OneFindInstaller_1.5.exe","107","https://github.com/iawnfoanaowt/OneFind/releases/download/v1.5.2026.10704/OneFindInstaller_1.5.exe"
"2026-07-16","2026-07-16T17:41:21Z","v1.5.2026.10609","2026-04-16T08:11:49Z","OneFindInstaller_1.5.exe","2","https://github.com/iawnfoanaowt/OneFind/releases/download/v1.5.2026.10609/OneFindInstaller_1.5.exe"
"2026-07-16","2026-07-16T17:41:21Z","v1.4.2026.10104","2026-04-11T14:47:23Z","KnowledgeBaseGatewayInstaller.exe","79","https://github.com/iawnfoanaowt/OneFind/releases/download/v1.4.2026.10104/KnowledgeBaseGatewayInstaller.exe"
"2026-07-16","2026-07-16T17:41:21Z","v1.2.2026.10009","2026-04-10T12:55:08Z","KnowledgeBaseGatewayInstaller.exe","30","https://github.com/iawnfoanaowt/OneFind/releases/download/v1.2.2026.10009/KnowledgeBaseGatewayInstaller.exe"
"2026-07-16","2026-07-16T17:41:21Z","v1.1.2026.9903","2026-04-09T13:52:18Z","KnowledgeBaseGatewayInstaller.exe","23","https://github.com/iawnfoanaowt/OneFind/releases/download/v1.1.2026.9903/KnowledgeBaseGatewayInstaller.exe"
"2026-07-17","2026-07-17T17:32:44Z","v1.7.2026.13301","2026-05-12T13:33:59Z","OneFind-macos-arm64-v1.7.dmg","102","https://github.com/iawnfoanaowt/OneFind/releases/download/v1.7.2026.13301/OneFind-macos-arm64-v1.7.dmg"
"2026-07-17","2026-07-17T17:32:44Z","v1.7.2026.13301","2026-05-12T13:33:59Z","OneFindInstaller-windows_1.7.exe","652","https://github.com/iawnfoanaowt/OneFind/releases/download/v1.7.2026.13301/OneFindInstaller-windows_1.7.exe"
"2026-07-17","2026-07-17T17:32:44Z","v1.6.2026.11705","2026-04-26T15:04:28Z","OneFindInstaller_1.6.exe","174","https://github.com/iawnfoanaowt/OneFind/releases/download/v1.6.2026.11705/OneFindInstaller_1.6.exe"
"2026-07-17","2026-07-17T17:32:44Z","v1.5.2026.10704","2026-04-16T08:24:20Z","OneFindInstaller_1.5.exe","107","https://github.com/iawnfoanaowt/OneFind/releases/download/v1.5.2026.10704/OneFindInstaller_1.5.exe"
"2026-07-17","2026-07-17T17:32:44Z","v1.5.2026.10609","2026-04-16T08:11:49Z","OneFindInstaller_1.5.exe","2","https://github.com/iawnfoanaowt/OneFind/releases/download/v1.5.2026.10609/OneFindInstaller_1.5.exe"
"2026-07-17","2026-07-17T17:32:44Z","v1.4.2026.10104","2026-04-11T14:47:23Z","KnowledgeBaseGatewayInstaller.exe","79","https://github.com/iawnfoanaowt/OneFind/releases/download/v1.4.2026.10104/KnowledgeBaseGatewayInstaller.exe"
"2026-07-17","2026-07-17T17:32:44Z","v1.2.2026.10009","2026-04-10T12:55:08Z","KnowledgeBaseGatewayInstaller.exe","30","https://github.com/iawnfoanaowt/OneFind/releases/download/v1.2.2026.10009/KnowledgeBaseGatewayInstaller.exe"
"2026-07-17","2026-07-17T17:32:44Z","v1.1.2026.9903","2026-04-09T13:52:18Z","KnowledgeBaseGatewayInstaller.exe","23","https://github.com/iawnfoanaowt/OneFind/releases/download/v1.1.2026.9903/KnowledgeBaseGatewayInstaller.exe"
"2026-07-18","2026-07-18T17:17:11Z","v1.7.2026.13301","2026-05-12T13:33:59Z","OneFind-macos-arm64-v1.7.dmg","102","https://github.com/iawnfoanaowt/OneFind/releases/download/v1.7.2026.13301/OneFind-macos-arm64-v1.7.dmg"
"2026-07-18","2026-07-18T17:17:11Z","v1.7.2026.13301","2026-05-12T13:33:59Z","OneFindInstaller-windows_1.7.exe","652","https://github.com/iawnfoanaowt/OneFind/releases/download/v1.7.2026.13301/OneFindInstaller-windows_1.7.exe"
"2026-07-18","2026-07-18T17:17:11Z","v1.6.2026.11705","2026-04-26T15:04:28Z","OneFindInstaller_1.6.exe","174","https://github.com/iawnfoanaowt/OneFind/releases/download/v1.6.2026.11705/OneFindInstaller_1.6.exe"
"2026-07-18","2026-07-18T17:17:11Z","v1.5.2026.10704","2026-04-16T08:24:20Z","OneFindInstaller_1.5.exe","107","https://github.com/iawnfoanaowt/OneFind/releases/download/v1.5.2026.10704/OneFindInstaller_1.5.exe"
"2026-07-18","2026-07-18T17:17:11Z","v1.5.2026.10609","2026-04-16T08:11:49Z","OneFindInstaller_1.5.exe","2","https://github.com/iawnfoanaowt/OneFind/releases/download/v1.5.2026.10609/OneFindInstaller_1.5.exe"
"2026-07-18","2026-07-18T17:17:11Z","v1.4.2026.10104","2026-04-11T14:47:23Z","KnowledgeBaseGatewayInstaller.exe","79","https://github.com/iawnfoanaowt/OneFind/releases/download/v1.4.2026.10104/KnowledgeBaseGatewayInstaller.exe"
"2026-07-18","2026-07-18T17:17:11Z","v1.2.2026.10009","2026-04-10T12:55:08Z","KnowledgeBaseGatewayInstaller.exe","30","https://github.com/iawnfoanaowt/OneFind/releases/download/v1.2.2026.10009/KnowledgeBaseGatewayInstaller.exe"
"2026-07-18","2026-07-18T17:17:11Z","v1.1.2026.9903","2026-04-09T13:52:18Z","KnowledgeBaseGatewayInstaller.exe","23","https://github.com/iawnfoanaowt/OneFind/releases/download/v1.1.2026.9903/KnowledgeBaseGatewayInstaller.exe"
"2026-07-19","2026-07-19T17:25:53Z","v1.7.2026.13301","2026-05-12T13:33:59Z","OneFind-macos-arm64-v1.7.dmg","102","https://github.com/iawnfoanaowt/OneFind/releases/download/v1.7.2026.13301/OneFind-macos-arm64-v1.7.dmg"
"2026-07-19","2026-07-19T17:25:53Z","v1.7.2026.13301","2026-05-12T13:33:59Z","OneFindInstaller-windows_1.7.exe","655","https://github.com/iawnfoanaowt/OneFind/releases/download/v1.7.2026.13301/OneFindInstaller-windows_1.7.exe"
"2026-07-19","2026-07-19T17:25:53Z","v1.6.2026.11705","2026-04-26T15:04:28Z","OneFindInstaller_1.6.exe","174","https://github.com/iawnfoanaowt/OneFind/releases/download/v1.6.2026.11705/OneFindInstaller_1.6.exe"
"2026-07-19","2026-07-19T17:25:53Z","v1.5.2026.10704","2026-04-16T08:24:20Z","OneFindInstaller_1.5.exe","108","https://github.com/iawnfoanaowt/OneFind/releases/download/v1.5.2026.10704/OneFindInstaller_1.5.exe"
"2026-07-19","2026-07-19T17:25:53Z","v1.5.2026.10609","2026-04-16T08:11:49Z","OneFindInstaller_1.5.exe","2","https://github.com/iawnfoanaowt/OneFind/releases/download/v1.5.2026.10609/OneFindInstaller_1.5.exe"
"2026-07-19","2026-07-19T17:25:53Z","v1.4.2026.10104","2026-04-11T14:47:23Z","KnowledgeBaseGatewayInstaller.exe","79","https://github.com/iawnfoanaowt/OneFind/releases/download/v1.4.2026.10104/KnowledgeBaseGatewayInstaller.exe"
"2026-07-19","2026-07-19T17:25:53Z","v1.2.2026.10009","2026-04-10T12:55:08Z","KnowledgeBaseGatewayInstaller.exe","30","https://github.com/iawnfoanaowt/OneFind/releases/download/v1.2.2026.10009/KnowledgeBaseGatewayInstaller.exe"
"2026-07-19","2026-07-19T17:25:53Z","v1.1.2026.9903","2026-04-09T13:52:18Z","KnowledgeBaseGatewayInstaller.exe","23","https://github.com/iawnfoanaowt/OneFind/releases/download/v1.1.2026.9903/KnowledgeBaseGatewayInstaller.exe"
"2026-07-20","2026-07-20T18:22:26Z","v1.7.2026.13301","2026-05-12T13:33:59Z","OneFind-macos-arm64-v1.7.dmg","103","https://github.com/iawnfoanaowt/OneFind/releases/download/v1.7.2026.13301/OneFind-macos-arm64-v1.7.dmg"
"2026-07-20","2026-07-20T18:22:26Z","v1.7.2026.13301","2026-05-12T13:33:59Z","OneFindInstaller-windows_1.7.exe","656","https://github.com/iawnfoanaowt/OneFind/releases/download/v1.7.2026.13301/OneFindInstaller-windows_1.7.exe"
"2026-07-20","2026-07-20T18:22:26Z","v1.6.2026.11705","2026-04-26T15:04:28Z","OneFindInstaller_1.6.exe","174","https://github.com/iawnfoanaowt/OneFind/releases/download/v1.6.2026.11705/OneFindInstaller_1.6.exe"
"2026-07-20","2026-07-20T18:22:26Z","v1.5.2026.10704","2026-04-16T08:24:20Z","OneFindInstaller_1.5.exe","108","https://github.com/iawnfoanaowt/OneFind/releases/download/v1.5.2026.10704/OneFindInstaller_1.5.exe"
"2026-07-20","2026-07-20T18:22:26Z","v1.5.2026.10609","2026-04-16T08:11:49Z","OneFindInstaller_1.5.exe","2","https://github.com/iawnfoanaowt/OneFind/releases/download/v1.5.2026.10609/OneFindInstaller_1.5.exe"
"2026-07-20","2026-07-20T18:22:26Z","v1.4.2026.10104","2026-04-11T14:47:23Z","KnowledgeBaseGatewayInstaller.exe","79","https://github.com/iawnfoanaowt/OneFind/releases/download/v1.4.2026.10104/KnowledgeBaseGatewayInstaller.exe"
"2026-07-20","2026-07-20T18:22:26Z","v1.2.2026.10009","2026-04-10T12:55:08Z","KnowledgeBaseGatewayInstaller.exe","30","https://github.com/iawnfoanaowt/OneFind/releases/download/v1.2.2026.10009/KnowledgeBaseGatewayInstaller.exe"
"2026-07-20","2026-07-20T18:22:26Z","v1.1.2026.9903","2026-04-09T13:52:18Z","KnowledgeBaseGatewayInstaller.exe","23","https://github.com/iawnfoanaowt/OneFind/releases/download/v1.1.2026.9903/KnowledgeBaseGatewayInstaller.exe"
"2026-07-21","2026-07-21T17:47:24Z","v1.7.2026.13301","2026-05-12T13:33:59Z","OneFind-macos-arm64-v1.7.dmg","104","https://github.com/iawnfoanaowt/OneFind/releases/download/v1.7.2026.13301/OneFind-macos-arm64-v1.7.dmg"
"2026-07-21","2026-07-21T17:47:24Z","v1.7.2026.13301","2026-05-12T13:33:59Z","OneFindInstaller-windows_1.7.exe","658","https://github.com/iawnfoanaowt/OneFind/releases/download/v1.7.2026.13301/OneFindInstaller-windows_1.7.exe"
"2026-07-21","2026-07-21T17:47:24Z","v1.6.2026.11705","2026-04-26T15:04:28Z","OneFindInstaller_1.6.exe","174","https://github.com/iawnfoanaowt/OneFind/releases/download/v1.6.2026.11705/OneFindInstaller_1.6.exe"
"2026-07-21","2026-07-21T17:47:24Z","v1.5.2026.10704","2026-04-16T08:24:20Z","OneFindInstaller_1.5.exe","108","https://github.com/iawnfoanaowt/OneFind/releases/download/v1.5.2026.10704/OneFindInstaller_1.5.exe"
"2026-07-21","2026-07-21T17:47:24Z","v1.5.2026.10609","2026-04-16T08:11:49Z","OneFindInstaller_1.5.exe","2","https://github.com/iawnfoanaowt/OneFind/releases/download/v1.5.2026.10609/OneFindInstaller_1.5.exe"
"2026-07-21","2026-07-21T17:47:24Z","v1.4.2026.10104","2026-04-11T14:47:23Z","KnowledgeBaseGatewayInstaller.exe","79","https://github.com/iawnfoanaowt/OneFind/releases/download/v1.4.2026.10104/KnowledgeBaseGatewayInstaller.exe"
"2026-07-21","2026-07-21T17:47:24Z","v1.2.2026.10009","2026-04-10T12:55:08Z","KnowledgeBaseGatewayInstaller.exe","30","https://github.com/iawnfoanaowt/OneFind/releases/download/v1.2.2026.10009/KnowledgeBaseGatewayInstaller.exe"
"2026-07-21","2026-07-21T17:47:24Z","v1.1.2026.9903","2026-04-09T13:52:18Z","KnowledgeBaseGatewayInstaller.exe","23","https://github.com/iawnfoanaowt/OneFind/releases/download/v1.1.2026.9903/KnowledgeBaseGatewayInstaller.exe"
"2026-07-22","2026-07-22T17:43:41Z","v1.7.2026.13301","2026-05-12T13:33:59Z","OneFind-macos-arm64-v1.7.dmg","104","https://github.com/iawnfoanaowt/OneFind/releases/download/v1.7.2026.13301/OneFind-macos-arm64-v1.7.dmg"
"2026-07-22","2026-07-22T17:43:41Z","v1.7.2026.13301","2026-05-12T13:33:59Z","OneFindInstaller-windows_1.7.exe","659","https://github.com/iawnfoanaowt/OneFind/releases/download/v1.7.2026.13301/OneFindInstaller-windows_1.7.exe"
"2026-07-22","2026-07-22T17:43:41Z","v1.6.2026.11705","2026-04-26T15:04:28Z","OneFindInstaller_1.6.exe","174","https://github.com/iawnfoanaowt/OneFind/releases/download/v1.6.2026.11705/OneFindInstaller_1.6.exe"
"2026-07-22","2026-07-22T17:43:41Z","v1.5.2026.10704","2026-04-16T08:24:20Z","OneFindInstaller_1.5.exe","108","https://github.com/iawnfoanaowt/OneFind/releases/download/v1.5.2026.10704/OneFindInstaller_1.5.exe"
"2026-07-22","2026-07-22T17:43:41Z","v1.5.2026.10609","2026-04-16T08:11:49Z","OneFindInstaller_1.5.exe","2","https://github.com/iawnfoanaowt/OneFind/releases/download/v1.5.2026.10609/OneFindInstaller_1.5.exe"
"2026-07-22","2026-07-22T17:43:41Z","v1.4.2026.10104","2026-04-11T14:47:23Z","KnowledgeBaseGatewayInstaller.exe","79","https://github.com/iawnfoanaowt/OneFind/releases/download/v1.4.2026.10104/KnowledgeBaseGatewayInstaller.exe"
"2026-07-22","2026-07-22T17:43:41Z","v1.2.2026.10009","2026-04-10T12:55:08Z","KnowledgeBaseGatewayInstaller.exe","30","https://github.com/iawnfoanaowt/OneFind/releases/download/v1.2.2026.10009/KnowledgeBaseGatewayInstaller.exe"
"2026-07-22","2026-07-22T17:43:41Z","v1.1.2026.9903","2026-04-09T13:52:18Z","KnowledgeBaseGatewayInstaller.exe","23","https://github.com/iawnfoanaowt/OneFind/releases/download/v1.1.2026.9903/KnowledgeBaseGatewayInstaller.exe"
"2026-07-23","2026-07-23T17:49:15Z","v1.7.2026.13301","2026-05-12T13:33:59Z","OneFind-macos-arm64-v1.7.dmg","104","https://github.com/iawnfoanaowt/OneFind/releases/download/v1.7.2026.13301/OneFind-macos-arm64-v1.7.dmg"
"2026-07-23","2026-07-23T17:49:15Z","v1.7.2026.13301","2026-05-12T13:33:59Z","OneFindInstaller-windows_1.7.exe","661","https://github.com/iawnfoanaowt/OneFind/releases/download/v1.7.2026.13301/OneFindInstaller-windows_1.7.exe"
"2026-07-23","2026-07-23T17:49:15Z","v1.6.2026.11705","2026-04-26T15:04:28Z","OneFindInstaller_1.6.exe","175","https://github.com/iawnfoanaowt/OneFind/releases/download/v1.6.2026.11705/OneFindInstaller_1.6.exe"
"2026-07-23","2026-07-23T17:49:15Z","v1.5.2026.10704","2026-04-16T08:24:20Z","OneFindInstaller_1.5.exe","108","https://github.com/iawnfoanaowt/OneFind/releases/download/v1.5.2026.10704/OneFindInstaller_1.5.exe"
"2026-07-23","2026-07-23T17:49:15Z","v1.5.2026.10609","2026-04-16T08:11:49Z","OneFindInstaller_1.5.exe","2","https://github.com/iawnfoanaowt/OneFind/releases/download/v1.5.2026.10609/OneFindInstaller_1.5.exe"
"2026-07-23","2026-07-23T17:49:15Z","v1.4.2026.10104","2026-04-11T14:47:23Z","KnowledgeBaseGatewayInstaller.exe","79","https://github.com/iawnfoanaowt/OneFind/releases/download/v1.4.2026.10104/KnowledgeBaseGatewayInstaller.exe"
"2026-07-23","2026-07-23T17:49:15Z","v1.2.2026.10009","2026-04-10T12:55:08Z","KnowledgeBaseGatewayInstaller.exe","30","https://github.com/iawnfoanaowt/OneFind/releases/download/v1.2.2026.10009/KnowledgeBaseGatewayInstaller.exe"
"2026-07-23","2026-07-23T17:49:15Z","v1.1.2026.9903","2026-04-09T13:52:18Z","KnowledgeBaseGatewayInstaller.exe","23","https://github.com/iawnfoanaowt/OneFind/releases/download/v1.1.2026.9903/KnowledgeBaseGatewayInstaller.exe"
"2026-07-24","2026-07-24T17:54:18Z","v1.7.2026.13301","2026-05-12T13:33:59Z","OneFind-macos-arm64-v1.7.dmg","105","https://github.com/iawnfoanaowt/OneFind/releases/download/v1.7.2026.13301/OneFind-macos-arm64-v1.7.dmg"
"2026-07-24","2026-07-24T17:54:18Z","v1.7.2026.13301","2026-05-12T13:33:59Z","OneFindInstaller-windows_1.7.exe","662","https://github.com/iawnfoanaowt/OneFind/releases/download/v1.7.2026.13301/OneFindInstaller-windows_1.7.exe"
"2026-07-24","2026-07-24T17:54:18Z","v1.6.2026.11705","2026-04-26T15:04:28Z","OneFindInstaller_1.6.exe","175","https://github.com/iawnfoanaowt/OneFind/releases/download/v1.6.2026.11705/OneFindInstaller_1.6.exe"
"2026-07-24","2026-07-24T17:54:18Z","v1.5.2026.10704","2026-04-16T08:24:20Z","OneFindInstaller_1.5.exe","108","https://github.com/iawnfoanaowt/OneFind/releases/download/v1.5.2026.10704/OneFindInstaller_1.5.exe"
"2026-07-24","2026-07-24T17:54:18Z","v1.5.2026.10609","2026-04-16T08:11:49Z","OneFindInstaller_1.5.exe","2","https://github.com/iawnfoanaowt/OneFind/releases/download/v1.5.2026.10609/OneFindInstaller_1.5.exe"
"2026-07-24","2026-07-24T17:54:18Z","v1.4.2026.10104","2026-04-11T14:47:23Z","KnowledgeBaseGatewayInstaller.exe","79","https://github.com/iawnfoanaowt/OneFind/releases/download/v1.4.2026.10104/KnowledgeBaseGatewayInstaller.exe"
"2026-07-24","2026-07-24T17:54:18Z","v1.2.2026.10009","2026-04-10T12:55:08Z","KnowledgeBaseGatewayInstaller.exe","30","https://github.com/iawnfoanaowt/OneFind/releases/download/v1.2.2026.10009/KnowledgeBaseGatewayInstaller.exe"
"2026-07-24","2026-07-24T17:54:18Z","v1.1.2026.9903","2026-04-09T13:52:18Z","KnowledgeBaseGatewayInstaller.exe","23","https://github.com/iawnfoanaowt/OneFind/releases/download/v1.1.2026.9903/KnowledgeBaseGatewayInstaller.exe"
"2026-07-25","2026-07-25T17:17:58Z","v1.7.2026.13301","2026-05-12T13:33:59Z","OneFind-macos-arm64-v1.7.dmg","105","https://github.com/iawnfoanaowt/OneFind/releases/download/v1.7.2026.13301/OneFind-macos-arm64-v1.7.dmg"
"2026-07-25","2026-07-25T17:17:58Z","v1.7.2026.13301","2026-05-12T13:33:59Z","OneFindInstaller-windows_1.7.exe","664","https://github.com/iawnfoanaowt/OneFind/releases/download/v1.7.2026.13301/OneFindInstaller-windows_1.7.exe"
"2026-07-25","2026-07-25T17:17:58Z","v1.6.2026.11705","2026-04-26T15:04:28Z","OneFindInstaller_1.6.exe","175","https://github.com/iawnfoanaowt/OneFind/releases/download/v1.6.2026.11705/OneFindInstaller_1.6.exe"
"2026-07-25","2026-07-25T17:17:58Z","v1.5.2026.10704","2026-04-16T08:24:20Z","OneFindInstaller_1.5.exe","108","https://github.com/iawnfoanaowt/OneFind/releases/download/v1.5.2026.10704/OneFindInstaller_1.5.exe"
"2026-07-25","2026-07-25T17:17:58Z","v1.5.2026.10609","2026-04-16T08:11:49Z","OneFindInstaller_1.5.exe","2","https://github.com/iawnfoanaowt/OneFind/releases/download/v1.5.2026.10609/OneFindInstaller_1.5.exe"
"2026-07-25","2026-07-25T17:17:58Z","v1.4.2026.10104","2026-04-11T14:47:23Z","KnowledgeBaseGatewayInstaller.exe","80","https://github.com/iawnfoanaowt/OneFind/releases/download/v1.4.2026.10104/KnowledgeBaseGatewayInstaller.exe"
"2026-07-25","2026-07-25T17:17:58Z","v1.2.2026.10009","2026-04-10T12:55:08Z","KnowledgeBaseGatewayInstaller.exe","30","https://github.com/iawnfoanaowt/OneFind/releases/download/v1.2.2026.10009/KnowledgeBaseGatewayInstaller.exe"
"2026-07-25","2026-07-25T17:17:58Z","v1.1.2026.9903","2026-04-09T13:52:18Z","KnowledgeBaseGatewayInstaller.exe","23","https://github.com/iawnfoanaowt/OneFind/releases/download/v1.1.2026.9903/KnowledgeBaseGatewayInstaller.exe"
"2026-07-26","2026-07-26T17:26:03Z","v1.7.2026.13301","2026-05-12T13:33:59Z","OneFind-macos-arm64-v1.7.dmg","105","https://github.com/iawnfoanaowt/OneFind/releases/download/v1.7.2026.13301/OneFind-macos-arm64-v1.7.dmg"
"2026-07-26","2026-07-26T17:26:03Z","v1.7.2026.13301","2026-05-12T13:33:59Z","OneFindInstaller-windows_1.7.exe","664","https://github.com/iawnfoanaowt/OneFind/releases/download/v1.7.2026.13301/OneFindInstaller-windows_1.7.exe"
"2026-07-26","2026-07-26T17:26:03Z","v1.6.2026.11705","2026-04-26T15:04:28Z","OneFindInstaller_1.6.exe","175","https://github.com/iawnfoanaowt/OneFind/releases/download/v1.6.2026.11705/OneFindInstaller_1.6.exe"
"2026-07-26","2026-07-26T17:26:03Z","v1.5.2026.10704","2026-04-16T08:24:20Z","OneFindInstaller_1.5.exe","108","https://github.com/iawnfoanaowt/OneFind/releases/download/v1.5.2026.10704/OneFindInstaller_1.5.exe"
"2026-07-26","2026-07-26T17:26:03Z","v1.5.2026.10609","2026-04-16T08:11:49Z","OneFindInstaller_1.5.exe","3","https://github.com/iawnfoanaowt/OneFind/releases/download/v1.5.2026.10609/OneFindInstaller_1.5.exe"
"2026-07-26","2026-07-26T17:26:03Z","v1.4.2026.10104","2026-04-11T14:47:23Z","KnowledgeBaseGatewayInstaller.exe","80","https://github.com/iawnfoanaowt/OneFind/releases/download/v1.4.2026.10104/KnowledgeBaseGatewayInstaller.exe"
"2026-07-26","2026-07-26T17:26:03Z","v1.2.2026.10009","2026-04-10T12:55:08Z","KnowledgeBaseGatewayInstaller.exe","30","https://github.com/iawnfoanaowt/OneFind/releases/download/v1.2.2026.10009/KnowledgeBaseGatewayInstaller.exe"
"2026-07-26","2026-07-26T17:26:03Z","v1.1.2026.9903","2026-04-09T13:52:18Z","KnowledgeBaseGatewayInstaller.exe","23","https://github.com/iawnfoanaowt/OneFind/releases/download/v1.1.2026.9903/KnowledgeBaseGatewayInstaller.exe"
"2026-07-27","2026-07-27T17:57:18Z","v1.7.2026.13301","2026-05-12T13:33:59Z","OneFind-macos-arm64-v1.7.dmg","105","https://github.com/iawnfoanaowt/OneFind/releases/download/v1.7.2026.13301/OneFind-macos-arm64-v1.7.dmg"
"2026-07-27","2026-07-27T17:57:18Z","v1.7.2026.13301","2026-05-12T13:33:59Z","OneFindInstaller-windows_1.7.exe","665","https://github.com/iawnfoanaowt/OneFind/releases/download/v1.7.2026.13301/OneFindInstaller-windows_1.7.exe"
"2026-07-27","2026-07-27T17:57:18Z","v1.6.2026.11705","2026-04-26T15:04:28Z","OneFindInstaller_1.6.exe","175","https://github.com/iawnfoanaowt/OneFind/releases/download/v1.6.2026.11705/OneFindInstaller_1.6.exe"
"2026-07-27","2026-07-27T17:57:18Z","v1.5.2026.10704","2026-04-16T08:24:20Z","OneFindInstaller_1.5.exe","108","https://github.com/iawnfoanaowt/OneFind/releases/download/v1.5.2026.10704/OneFindInstaller_1.5.exe"
"2026-07-27","2026-07-27T17:57:18Z","v1.5.2026.10609","2026-04-16T08:11:49Z","OneFindInstaller_1.5.exe","3","https://github.com/iawnfoanaowt/OneFind/releases/download/v1.5.2026.10609/OneFindInstaller_1.5.exe"
"2026-07-27","2026-07-27T17:57:18Z","v1.4.2026.10104","2026-04-11T14:47:23Z","KnowledgeBaseGatewayInstaller.exe","80","https://github.com/iawnfoanaowt/OneFind/releases/download/v1.4.2026.10104/KnowledgeBaseGatewayInstaller.exe"
"2026-07-27","2026-07-27T17:57:18Z","v1.2.2026.10009","2026-04-10T12:55:08Z","KnowledgeBaseGatewayInstaller.exe","30","https://github.com/iawnfoanaowt/OneFind/releases/download/v1.2.2026.10009/KnowledgeBaseGatewayInstaller.exe"
"2026-07-27","2026-07-27T17:57:18Z","v1.1.2026.9903","2026-04-09T13:52:18Z","KnowledgeBaseGatewayInstaller.exe","23","https://github.com/iawnfoanaowt/OneFind/releases/download/v1.1.2026.9903/KnowledgeBaseGatewayInstaller.exe"
"2026-07-28","2026-07-28T17:46:46Z","v1.7.2026.13301","2026-05-12T13:33:59Z","OneFind-macos-arm64-v1.7.dmg","105","https://github.com/iawnfoanaowt/OneFind/releases/download/v1.7.2026.13301/OneFind-macos-arm64-v1.7.dmg"
"2026-07-28","2026-07-28T17:46:46Z","v1.7.2026.13301","2026-05-12T13:33:59Z","OneFindInstaller-windows_1.7.exe","665","https://github.com/iawnfoanaowt/OneFind/releases/download/v1.7.2026.13301/OneFindInstaller-windows_1.7.exe"
"2026-07-28","2026-07-28T17:46:46Z","v1.6.2026.11705","2026-04-26T15:04:28Z","OneFindInstaller_1.6.exe","175","https://github.com/iawnfoanaowt/OneFind/releases/download/v1.6.2026.11705/OneFindInstaller_1.6.exe"
"2026-07-28","2026-07-28T17:46:46Z","v1.5.2026.10704","2026-04-16T08:24:20Z","OneFindInstaller_1.5.exe","108","https://github.com/iawnfoanaowt/OneFind/releases/download/v1.5.2026.10704/OneFindInstaller_1.5.exe"
"2026-07-28","2026-07-28T17:46:46Z","v1.5.2026.10609","2026-04-16T08:11:49Z","OneFindInstaller_1.5.exe","3","https://github.com/iawnfoanaowt/OneFind/releases/download/v1.5.2026.10609/OneFindInstaller_1.5.exe"
"2026-07-28","2026-07-28T17:46:46Z","v1.4.2026.10104","2026-04-11T14:47:23Z","KnowledgeBaseGatewayInstaller.exe","80","https://github.com/iawnfoanaowt/OneFind/releases/download/v1.4.2026.10104/KnowledgeBaseGatewayInstaller.exe"
"2026-07-28","2026-07-28T17:46:46Z","v1.2.2026.10009","2026-04-10T12:55:08Z","KnowledgeBaseGatewayInstaller.exe","30","https://github.com/iawnfoanaowt/OneFind/releases/download/v1.2.2026.10009/KnowledgeBaseGatewayInstaller.exe"
"2026-07-28","2026-07-28T17:46:46Z","v1.1.2026.9903","2026-04-09T13:52:18Z","KnowledgeBaseGatewayInstaller.exe","23","https://github.com/iawnfoanaowt/OneFind/releases/download/v1.1.2026.9903/KnowledgeBaseGatewayInstaller.exe"
"2026-07-29","2026-07-29T17:40:42Z","v1.7.2026.13301","2026-05-12T13:33:59Z","OneFind-macos-arm64-v1.7.dmg","105","https://github.com/iawnfoanaowt/OneFind/releases/download/v1.7.2026.13301/OneFind-macos-arm64-v1.7.dmg"
"2026-07-29","2026-07-29T17:40:42Z","v1.7.2026.13301","2026-05-12T13:33:59Z","OneFindInstaller-windows_1.7.exe","667","https://github.com/iawnfoanaowt/OneFind/releases/download/v1.7.2026.13301/OneFindInstaller-windows_1.7.exe"
"2026-07-29","2026-07-29T17:40:42Z","v1.6.2026.11705","2026-04-26T15:04:28Z","OneFindInstaller_1.6.exe","175","https://github.com/iawnfoanaowt/OneFind/releases/download/v1.6.2026.11705/OneFindInstaller_1.6.exe"
"2026-07-29","2026-07-29T17:40:42Z","v1.5.2026.10704","2026-04-16T08:24:20Z","OneFindInstaller_1.5.exe","108","https://github.com/iawnfoanaowt/OneFind/releases/download/v1.5.2026.10704/OneFindInstaller_1.5.exe"
"2026-07-29","2026-07-29T17:40:42Z","v1.5.2026.10609","2026-04-16T08:11:49Z","OneFindInstaller_1.5.exe","3","https://github.com/iawnfoanaowt/OneFind/releases/download/v1.5.2026.10609/OneFindInstaller_1.5.exe"
"2026-07-29","2026-07-29T17:40:42Z","v1.4.2026.10104","2026-04-11T14:47:23Z","KnowledgeBaseGatewayInstaller.exe","80","https://github.com/iawnfoanaowt/OneFind/releases/download/v1.4.2026.10104/KnowledgeBaseGatewayInstaller.exe"
"2026-07-29","2026-07-29T17:40:42Z","v1.2.2026.10009","2026-04-10T12:55:08Z","KnowledgeBaseGatewayInstaller.exe","30","https://github.com/iawnfoanaowt/OneFind/releases/download/v1.2.2026.10009/KnowledgeBaseGatewayInstaller.exe"
"2026-07-29","2026-07-29T17:40:42Z","v1.1.2026.9903","2026-04-09T13:52:18Z","KnowledgeBaseGatewayInstaller.exe","23","https://github.com/iawnfoanaowt/OneFind/releases/download/v1.1.2026.9903/KnowledgeBaseGatewayInstaller.exe"
"2026-07-30","2026-07-30T17:51:38Z","v1.7.2026.13301","2026-05-12T13:33:59Z","OneFind-macos-arm64-v1.7.dmg","107","https://github.com/iawnfoanaowt/OneFind/releases/download/v1.7.2026.13301/OneFind-macos-arm64-v1.7.dmg"
"2026-07-30","2026-07-30T17:51:38Z","v1.7.2026.13301","2026-05-12T13:33:59Z","OneFindInstaller-windows_1.7.exe","667","https://github.com/iawnfoanaowt/OneFind/releases/download/v1.7.2026.13301/OneFindInstaller-windows_1.7.exe"
"2026-07-30","2026-07-30T17:51:38Z","v1.6.2026.11705","2026-04-26T15:04:28Z","OneFindInstaller_1.6.exe","175","https://github.com/iawnfoanaowt/OneFind/releases/download/v1.6.2026.11705/OneFindInstaller_1.6.exe"
"2026-07-30","2026-07-30T17:51:38Z","v1.5.2026.10704","2026-04-16T08:24:20Z","OneFindInstaller_1.5.exe","108","https://github.com/iawnfoanaowt/OneFind/releases/download/v1.5.2026.10704/OneFindInstaller_1.5.exe"
"2026-07-30","2026-07-30T17:51:38Z","v1.5.2026.10609","2026-04-16T08:11:49Z","OneFindInstaller_1.5.exe","3","https://github.com/iawnfoanaowt/OneFind/releases/download/v1.5.2026.10609/OneFindInstaller_1.5.exe"
"2026-07-30","2026-07-30T17:51:38Z","v1.4.2026.10104","2026-04-11T14:47:23Z","KnowledgeBaseGatewayInstaller.exe","80","https://github.com/iawnfoanaowt/OneFind/releases/download/v1.4.2026.10104/KnowledgeBaseGatewayInstaller.exe"
"2026-07-30","2026-07-30T17:51:38Z","v1.2.2026.10009","2026-04-10T12:55:08Z","KnowledgeBaseGatewayInstaller.exe","30","https://github.com/iawnfoanaowt/OneFind/releases/download/v1.2.2026.10009/KnowledgeBaseGatewayInstaller.exe"
"2026-07-30","2026-07-30T17:51:38Z","v1.1.2026.9903","2026-04-09T13:52:18Z","KnowledgeBaseGatewayInstaller.exe","23","https://github.com/iawnfoanaowt/OneFind/releases/download/v1.1.2026.9903/KnowledgeBaseGatewayInstaller.exe"
"2026-07-31","2026-07-31T17:55:15Z","v1.7.2026.13301","2026-05-12T13:33:59Z","OneFind-macos-arm64-v1.7.dmg","107","https://github.com/iawnfoanaowt/OneFind/releases/download/v1.7.2026.13301/OneFind-macos-arm64-v1.7.dmg"
"2026-07-31","2026-07-31T17:55:15Z","v1.7.2026.13301","2026-05-12T13:33:59Z","OneFindInstaller-windows_1.7.exe","667","https://github.com/iawnfoanaowt/OneFind/releases/download/v1.7.2026.13301/OneFindInstaller-windows_1.7.exe"
"2026-07-31","2026-07-31T17:55:15Z","v1.6.2026.11705","2026-04-26T15:04:28Z","OneFindInstaller_1.6.exe","175","https://github.com/iawnfoanaowt/OneFind/releases/download/v1.6.2026.11705/OneFindInstaller_1.6.exe"
"2026-07-31","2026-07-31T17:55:15Z","v1.5.2026.10704","2026-04-16T08:24:20Z","OneFindInstaller_1.5.exe","108","https://github.com/iawnfoanaowt/OneFind/releases/download/v1.5.2026.10704/OneFindInstaller_1.5.exe"
"2026-07-31","2026-07-31T17:55:15Z","v1.5.2026.10609","2026-04-16T08:11:49Z","OneFindInstaller_1.5.exe","3","https://github.com/iawnfoanaowt/OneFind/releases/download/v1.5.2026.10609/OneFindInstaller_1.5.exe"
"2026-07-31","2026-07-31T17:55:15Z","v1.4.2026.10104","2026-04-11T14:47:23Z","KnowledgeBaseGatewayInstaller.exe","80","https://github.com/iawnfoanaowt/OneFind/releases/download/v1.4.2026.10104/KnowledgeBaseGatewayInstaller.exe"
"2026-07-31","2026-07-31T17:55:15Z","v1.2.2026.10009","2026-04-10T12:55:08Z","KnowledgeBaseGatewayInstaller.exe","30","https://github.com/iawnfoanaowt/OneFind/releases/download/v1.2.2026.10009/KnowledgeBaseGatewayInstaller.exe"
"2026-07-31","2026-07-31T17:55:15Z","v1.1.2026.9903","2026-04-09T13:52:18Z","KnowledgeBaseGatewayInstaller.exe","23","https://github.com/iawnfoanaowt/OneFind/releases/download/v1.1.2026.9903/KnowledgeBaseGatewayInstaller.exe"
"2026-08-01","2026-08-01T17:17:58Z","v1.7.2026.13301","2026-05-12T13:33:59Z","OneFind-macos-arm64-v1.7.dmg","108","https://github.com/iawnfoanaowt/OneFind/releases/download/v1.7.2026.13301/OneFind-macos-arm64-v1.7.dmg"
"2026-08-01","2026-08-01T17:17:58Z","v1.7.2026.13301","2026-05-12T13:33:59Z","OneFindInstaller-windows_1.7.exe","670","https://github.com/iawnfoanaowt/OneFind/releases/download/v1.7.2026.13301/OneFindInstaller-windows_1.7.exe"
"2026-08-01","2026-08-01T17:17:58Z","v1.6.2026.11705","2026-04-26T15:04:28Z","OneFindInstaller_1.6.exe","175","https://github.com/iawnfoanaowt/OneFind/releases/download/v1.6.2026.11705/OneFindInstaller_1.6.exe"
"2026-08-01","2026-08-01T17:17:58Z","v1.5.2026.10704","2026-04-16T08:24:20Z","OneFindInstaller_1.5.exe","108","https://github.com/iawnfoanaowt/OneFind/releases/download/v1.5.2026.10704/OneFindInstaller_1.5.exe"
"2026-08-01","2026-08-01T17:17:58Z","v1.5.2026.10609","2026-04-16T08:11:49Z","OneFindInstaller_1.5.exe","3","https://github.com/iawnfoanaowt/OneFind/releases/download/v1.5.2026.10609/OneFindInstaller_1.5.exe"
"2026-08-01","2026-08-01T17:17:58Z","v1.4.2026.10104","2026-04-11T14:47:23Z","KnowledgeBaseGatewayInstaller.exe","80","https://github.com/iawnfoanaowt/OneFind/releases/download/v1.4.2026.10104/KnowledgeBaseGatewayInstaller.exe"
"2026-08-01","2026-08-01T17:17:58Z","v1.2.2026.10009","2026-04-10T12:55:08Z","KnowledgeBaseGatewayInstaller.exe","30","https://github.com/iawnfoanaowt/OneFind/releases/download/v1.2.2026.10009/KnowledgeBaseGatewayInstaller.exe"
"2026-08-01","2026-08-01T17:17:58Z","v1.1.2026.9903","2026-04-09T13:52:18Z","KnowledgeBaseGatewayInstaller.exe","23","https://github.com/iawnfoanaowt/OneFind/releases/download/v1.1.2026.9903/KnowledgeBaseGatewayInstaller.exe"
"2026-08-02","2026-08-02T17:25:21Z","v1.7.2026.13301","2026-05-12T13:33:59Z","OneFind-macos-arm64-v1.7.dmg","108","https://github.com/iawnfoanaowt/OneFind/releases/download/v1.7.2026.13301/OneFind-macos-arm64-v1.7.dmg"
"2026-08-02","2026-08-02T17:25:21Z","v1.7.2026.13301","2026-05-12T13:33:59Z","OneFindInstaller-windows_1.7.exe","679","https://github.com/iawnfoanaowt/OneFind/releases/download/v1.7.2026.13301/OneFindInstaller-windows_1.7.exe"
"2026-08-02","2026-08-02T17:25:21Z","v1.6.2026.11705","2026-04-26T15:04:28Z","OneFindInstaller_1.6.exe","175","https://github.com/iawnfoanaowt/OneFind/releases/download/v1.6.2026.11705/OneFindInstaller_1.6.exe"
"2026-08-02","2026-08-02T17:25:21Z","v1.5.2026.10704","2026-04-16T08:24:20Z","OneFindInstaller_1.5.exe","108","https://github.com/iawnfoanaowt/OneFind/releases/download/v1.5.2026.10704/OneFindInstaller_1.5.exe"
"2026-08-02","2026-08-02T17:25:21Z","v1.5.2026.10609","2026-04-16T08:11:49Z","OneFindInstaller_1.5.exe","3","https://github.com/iawnfoanaowt/OneFind/releases/download/v1.5.2026.10609/OneFindInstaller_1.5.exe"
"2026-08-02","2026-08-02T17:25:21Z","v1.4.2026.10104","2026-04-11T14:47:23Z","KnowledgeBaseGatewayInstaller.exe","80","https://github.com/iawnfoanaowt/OneFind/releases/download/v1.4.2026.10104/KnowledgeBaseGatewayInstaller.exe"
"2026-08-02","2026-08-02T17:25:21Z","v1.2.2026.10009","2026-04-10T12:55:08Z","KnowledgeBaseGatewayInstaller.exe","30","https://github.com/iawnfoanaowt/OneFind/releases/download/v1.2.2026.10009/KnowledgeBaseGatewayInstaller.exe"
"2026-08-02","2026-08-02T17:25:21Z","v1.1.2026.9903","2026-04-09T13:52:18Z","KnowledgeBaseGatewayInstaller.exe","23","https://github.com/iawnfoanaowt/OneFind/releases/download/v1.1.2026.9903/KnowledgeBaseGatewayInstaller.exe"
"2026-08-03","2026-08-03T18:10:22Z","v1.7.2026.13301","2026-05-12T13:33:59Z","OneFind-macos-arm64-v1.7.dmg","114","https://github.com/iawnfoanaowt/OneFind/releases/download/v1.7.2026.13301/OneFind-macos-arm64-v1.7.dmg"
"2026-08-03","2026-08-03T18:10:22Z","v1.7.2026.13301","2026-05-12T13:33:59Z","OneFindInstaller-windows_1.7.exe","683","https://github.com/iawnfoanaowt/OneFind/releases/download/v1.7.2026.13301/OneFindInstaller-windows_1.7.exe"
"2026-08-03","2026-08-03T18:10:22Z","v1.6.2026.11705","2026-04-26T15:04:28Z","OneFindInstaller_1.6.exe","175","https://github.com/iawnfoanaowt/OneFind/releases/download/v1.6.2026.11705/OneFindInstaller_1.6.exe"
"2026-08-03","2026-08-03T18:10:22Z","v1.5.2026.10704","2026-04-16T08:24:20Z","OneFindInstaller_1.5.exe","108","https://github.com/iawnfoanaowt/OneFind/releases/download/v1.5.2026.10704/OneFindInstaller_1.5.exe"
"2026-08-03","2026-08-03T18:10:22Z","v1.5.2026.10609","2026-04-16T08:11:49Z","OneFindInstaller_1.5.exe","3","https://github.com/iawnfoanaowt/OneFind/releases/download/v1.5.2026.10609/OneFindInstaller_1.5.exe"
"2026-08-03","2026-08-03T18:10:22Z","v1.4.2026.10104","2026-04-11T14:47:23Z","KnowledgeBaseGatewayInstaller.exe","80","https://github.com/iawnfoanaowt/OneFind/releases/download/v1.4.2026.10104/KnowledgeBaseGatewayInstaller.exe"
"2026-08-03","2026-08-03T18:10:22Z","v1.2.2026.10009","2026-04-10T12:55:08Z","KnowledgeBaseGatewayInstaller.exe","30","https://github.com/iawnfoanaowt/OneFind/releases/download/v1.2.2026.10009/KnowledgeBaseGatewayInstaller.exe"
"2026-08-03","2026-08-03T18:10:22Z","v1.1.2026.9903","2026-04-09T13:52:18Z","KnowledgeBaseGatewayInstaller.exe","23","https://github.com/iawnfoanaowt/OneFind/releases/download/v1.1.2026.9903/KnowledgeBaseGatewayInstaller.exe"
"2026-08-04","2026-08-04T18:06:04Z","v1.7.2026.13301","2026-05-12T13:33:59Z","OneFind-macos-arm64-v1.7.dmg","115","https://github.com/iawnfoanaowt/OneFind/releases/download/v1.7.2026.13301/OneFind-macos-arm64-v1.7.dmg"
"2026-08-04","2026-08-04T18:06:04Z","v1.7.2026.13301","2026-05-12T13:33:59Z","OneFindInstaller-windows_1.7.exe","698","https://github.com/iawnfoanaowt/OneFind/releases/download/v1.7.2026.13301/OneFindInstaller-windows_1.7.exe"
"2026-08-04","2026-08-04T18:06:04Z","v1.6.2026.11705","2026-04-26T15:04:28Z","OneFindInstaller_1.6.exe","175","https://github.com/iawnfoanaowt/OneFind/releases/download/v1.6.2026.11705/OneFindInstaller_1.6.exe"
"2026-08-04","2026-08-04T18:06:04Z","v1.5.2026.10704","2026-04-16T08:24:20Z","OneFindInstaller_1.5.exe","108","https://github.com/iawnfoanaowt/OneFind/releases/download/v1.5.2026.10704/OneFindInstaller_1.5.exe"
"2026-08-04","2026-08-04T18:06:04Z","v1.5.2026.10609","2026-04-16T08:11:49Z","OneFindInstaller_1.5.exe","3","https://github.com/iawnfoanaowt/OneFind/releases/download/v1.5.2026.10609/OneFindInstaller_1.5.exe"
"2026-08-04","2026-08-04T18:06:04Z","v1.4.2026.10104","2026-04-11T14:47:23Z","KnowledgeBaseGatewayInstaller.exe","80","https://github.com/iawnfoanaowt/OneFind/releases/download/v1.4.2026.10104/KnowledgeBaseGatewayInstaller.exe"
"2026-08-04","2026-08-04T18:06:04Z","v1.2.2026.10009","2026-04-10T12:55:08Z","KnowledgeBaseGatewayInstaller.exe","30","https://github.com/iawnfoanaowt/OneFind/releases/download/v1.2.2026.10009/KnowledgeBaseGatewayInstaller.exe"
"2026-08-04","2026-08-04T18:06:04Z","v1.1.2026.9903","2026-04-09T13:52:18Z","KnowledgeBaseGatewayInstaller.exe","23","https://github.com/iawnfoanaowt/OneFind/releases/download/v1.1.2026.9903/KnowledgeBaseGatewayInstaller.exe"
"2026-08-05","2026-08-05T17:55:24Z","v1.7.2026.13301","2026-05-12T13:33:59Z","OneFind-macos-arm64-v1.7.dmg","117","https://github.com/iawnfoanaowt/OneFind/releases/download/v1.7.2026.13301/OneFind-macos-arm64-v1.7.dmg"
"2026-08-05","2026-08-05T17:55:24Z","v1.7.2026.13301","2026-05-12T13:33:59Z","OneFindInstaller-windows_1.7.exe","701","https://github.com/iawnfoanaowt/OneFind/releases/download/v1.7.2026.13301/OneFindInstaller-windows_1.7.exe"
"2026-08-05","2026-08-05T17:55:24Z","v1.6.2026.11705","2026-04-26T15:04:28Z","OneFindInstaller_1.6.exe","175","https://github.com/iawnfoanaowt/OneFind/releases/download/v1.6.2026.11705/OneFindInstaller_1.6.exe"
"2026-08-05","2026-08-05T17:55:24Z","v1.5.2026.10704","2026-04-16T08:24:20Z","OneFindInstaller_1.5.exe","108","https://github.com/iawnfoanaowt/OneFind/releases/download/v1.5.2026.10704/OneFindInstaller_1.5.exe"
"2026-08-05","2026-08-05T17:55:24Z","v1.5.2026.10609","2026-04-16T08:11:49Z","OneFindInstaller_1.5.exe","3","https://github.com/iawnfoanaowt/OneFind/releases/download/v1.5.2026.10609/OneFindInstaller_1.5.exe"
"2026-08-05","2026-08-05T17:55:24Z","v1.4.2026.10104","2026-04-11T14:47:23Z","KnowledgeBaseGatewayInstaller.exe","80","https://github.com/iawnfoanaowt/OneFind/releases/download/v1.4.2026.10104/KnowledgeBaseGatewayInstaller.exe"
"2026-08-05","2026-08-05T17:55:24Z","v1.2.2026.10009","2026-04-10T12:55:08Z","KnowledgeBaseGatewayInstaller.exe","30","https://github.com/iawnfoanaowt/OneFind/releases/download/v1.2.2026.10009/KnowledgeBaseGatewayInstaller.exe"
"2026-08-05","2026-08-05T17:55:24Z","v1.1.2026.9903","2026-04-09T13:52:18Z","KnowledgeBaseGatewayInstaller.exe","23","https://github.com/iawnfoanaowt/OneFind/releases/download/v1.1.2026.9903/KnowledgeBaseGatewayInstaller.exe"
"2026-08-07","2026-08-07T17:10:34Z","v1.7.2026.13301","2026-05-12T13:33:59Z","OneFind-macos-arm64-v1.7.dmg","121","https://github.com/iawnfoanaowt/OneFind/releases/download/v1.7.2026.13301/OneFind-macos-arm64-v1.7.dmg"
"2026-08-07","2026-08-07T17:10:34Z","v1.7.2026.13301","2026-05-12T13:33:59Z","OneFindInstaller-windows_1.7.exe","704","https://github.com/iawnfoanaowt/OneFind/releases/download/v1.7.2026.13301/OneFindInstaller-windows_1.7.exe"
"2026-08-07","2026-08-07T17:10:34Z","v1.6.2026.11705","2026-04-26T15:04:28Z","OneFindInstaller_1.6.exe","175","https://github.com/iawnfoanaowt/OneFind/releases/download/v1.6.2026.11705/OneFindInstaller_1.6.exe"
"2026-08-07","2026-08-07T17:10:34Z","v1.5.2026.10704","2026-04-16T08:24:20Z","OneFindInstaller_1.5.exe","108","https://github.com/iawnfoanaowt/OneFind/releases/download/v1.5.2026.10704/OneFindInstaller_1.5.exe"
"2026-08-07","2026-08-07T17:10:34Z","v1.5.2026.10609","2026-04-16T08:11:49Z","OneFindInstaller_1.5.exe","3","https://github.com/iawnfoanaowt/OneFind/releases/download/v1.5.2026.10609/OneFindInstaller_1.5.exe"
"2026-08-07","2026-08-07T17:10:34Z","v1.4.2026.10104","2026-04-11T14:47:23Z","KnowledgeBaseGatewayInstaller.exe","80","https://github.com/iawnfoanaowt/OneFind/releases/download/v1.4.2026.10104/KnowledgeBaseGatewayInstaller.exe"
"2026-08-07","2026-08-07T17:10:34Z","v1.2.2026.10009","2026-04-10T12:55:08Z","KnowledgeBaseGatewayInstaller.exe","30","https://github.com/iawnfoanaowt/OneFind/releases/download/v1.2.2026.10009/KnowledgeBaseGatewayInstaller.exe"
"2026-08-07","2026-08-07T17:10:34Z","v1.1.2026.9903","2026-04-09T13:52:18Z","KnowledgeBaseGatewayInstaller.exe","23","https://github.com/iawnfoanaowt/OneFind/releases/download/v1.1.2026.9903/KnowledgeBaseGatewayInstaller.exe"
"2026-08-08","2026-08-08T16:54:55Z","v1.7.2026.13301","2026-05-12T13:33:59Z","OneFind-macos-arm64-v1.7.dmg","121","https://github.com/iawnfoanaowt/OneFind/releases/download/v1.7.2026.13301/OneFind-macos-arm64-v1.7.dmg"
"2026-08-08","2026-08-08T16:54:55Z","v1.7.2026.13301","2026-05-12T13:33:59Z","OneFindInstaller-windows_1.7.exe","704","https://github.com/iawnfoanaowt/OneFind/releases/download/v1.7.2026.13301/OneFindInstaller-windows_1.7.exe"
"2026-08-08","2026-08-08T16:54:55Z","v1.6.2026.11705","2026-04-26T15:04:28Z","OneFindInstaller_1.6.exe","175","https://github.com/iawnfoanaowt/OneFind/releases/download/v1.6.2026.11705/OneFindInstaller_1.6.exe"
"2026-08-08","2026-08-08T16:54:55Z","v1.5.2026.10704","2026-04-16T08:24:20Z","OneFindInstaller_1.5.exe","108","https://github.com/iawnfoanaowt/OneFind/releases/download/v1.5.2026.10704/OneFindInstaller_1.5.exe"
"2026-08-08","2026-08-08T16:54:55Z","v1.5.2026.10609","2026-04-16T08:11:49Z","OneFindInstaller_1.5.exe","3","https://github.com/iawnfoanaowt/OneFind/releases/download/v1.5.2026.10609/OneFindInstaller_1.5.exe"
"2026-08-08","2026-08-08T16:54:55Z","v1.4.2026.10104","2026-04-11T14:47:23Z","KnowledgeBaseGatewayInstaller.exe","80","https://github.com/iawnfoanaowt/OneFind/releases/download/v1.4.2026.10104/KnowledgeBaseGatewayInstaller.exe"
"2026-08-08","2026-08-08T16:54:55Z","v1.2.2026.10009","2026-04-10T12:55:08Z","KnowledgeBaseGatewayInstaller.exe","30","https://github.com/iawnfoanaowt/OneFind/releases/download/v1.2.2026.10009/KnowledgeBaseGatewayInstaller.exe"
"2026-08-08","2026-08-08T16:54:55Z","v1.1.2026.9903","2026-04-09T13:52:18Z","KnowledgeBaseGatewayInstaller.exe","23","https://github.com/iawnfoanaowt/OneFind/releases/download/v1.1.2026.9903/KnowledgeBaseGatewayInstaller.exe"
"2026-08-09","2026-08-09T16:57:06Z","v1.7.2026.13301","2026-05-12T13:33:59Z","OneFind-macos-arm64-v1.7.dmg","129","https://github.com/iawnfoanaowt/OneFind/releases/download/v1.7.2026.13301/OneFind-macos-arm64-v1.7.dmg"
"2026-08-09","2026-08-09T16:57:06Z","v1.7.2026.13301","2026-05-12T13:33:59Z","OneFindInstaller-windows_1.7.exe","707","https://github.com/iawnfoanaowt/OneFind/releases/download/v1.7.2026.13301/OneFindInstaller-windows_1.7.exe"
"2026-08-09","2026-08-09T16:57:06Z","v1.6.2026.11705","2026-04-26T15:04:28Z","OneFindInstaller_1.6.exe","175","https://github.com/iawnfoanaowt/OneFind/releases/download/v1.6.2026.11705/OneFindInstaller_1.6.exe"
"2026-08-09","2026-08-09T16:57:06Z","v1.5.2026.10704","2026-04-16T08:24:20Z","OneFindInstaller_1.5.exe","108","https://github.com/iawnfoanaowt/OneFind/releases/download/v1.5.2026.10704/OneFindInstaller_1.5.exe"
"2026-08-09","2026-08-09T16:57:06Z","v1.5.2026.10609","2026-04-16T08:11:49Z","OneFindInstaller_1.5.exe","3","https://github.com/iawnfoanaowt/OneFind/releases/download/v1.5.2026.10609/OneFindInstaller_1.5.exe"
"2026-08-09","2026-08-09T16:57:06Z","v1.4.2026.10104","2026-04-11T14:47:23Z","KnowledgeBaseGatewayInstaller.exe","80","https://github.com/iawnfoanaowt/OneFind/releases/download/v1.4.2026.10104/KnowledgeBaseGatewayInstaller.exe"
"2026-08-09","2026-08-09T16:57:06Z","v1.2.2026.10009","2026-04-10T12:55:08Z","KnowledgeBaseGatewayInstaller.exe","30","https://github.com/iawnfoanaowt/OneFind/releases/download/v1.2.2026.10009/KnowledgeBaseGatewayInstaller.exe"
"2026-08-09","2026-08-09T16:57:06Z","v1.1.2026.9903","2026-04-09T13:52:18Z","KnowledgeBaseGatewayInstaller.exe","23","https://github.com/iawnfoanaowt/OneFind/releases/download/v1.1.2026.9903/KnowledgeBaseGatewayInstaller.exe"
"2026-08-10","2026-08-10T17:11:05Z","v1.7.2026.13301","2026-05-12T13:33:59Z","OneFind-macos-arm64-v1.7.dmg","131","https://github.com/iawnfoanaowt/OneFind/releases/download/v1.7.2026.13301/OneFind-macos-arm64-v1.7.dmg"
"2026-08-10","2026-08-10T17:11:05Z","v1.7.2026.13301","2026-05-12T13:33:59Z","OneFindInstaller-windows_1.7.exe","709","https://github.com/iawnfoanaowt/OneFind/releases/download/v1.7.2026.13301/OneFindInstaller-windows_1.7.exe"
"2026-08-10","2026-08-10T17:11:05Z","v1.6.2026.11705","2026-04-26T15:04:28Z","OneFindInstaller_1.6.exe","175","https://github.com/iawnfoanaowt/OneFind/releases/download/v1.6.2026.11705/OneFindInstaller_1.6.exe"
"2026-08-10","2026-08-10T17:11:05Z","v1.5.2026.10704","2026-04-16T08:24:20Z","OneFindInstaller_1.5.exe","108","https://github.com/iawnfoanaowt/OneFind/releases/download/v1.5.2026.10704/OneFindInstaller_1.5.exe"
"2026-08-10","2026-08-10T17:11:05Z","v1.5.2026.10609","2026-04-16T08:11:49Z","OneFindInstaller_1.5.exe","3","https://github.com/iawnfoanaowt/OneFind/releases/download/v1.5.2026.10609/OneFindInstaller_1.5.exe"
"2026-08-10","2026-08-10T17:11:05Z","v1.4.2026.10104","2026-04-11T14:47:23Z","KnowledgeBaseGatewayInstaller.exe","80","https://github.com/iawnfoanaowt/OneFind/releases/download/v1.4.2026.10104/KnowledgeBaseGatewayInstaller.exe"
"2026-08-10","2026-08-10T17:11:05Z","v1.2.2026.10009","2026-04-10T12:55:08Z","KnowledgeBaseGatewayInstaller.exe","31","https://github.com/iawnfoanaowt/OneFind/releases/download/v1.2.2026.10009/KnowledgeBaseGatewayInstaller.exe"
"2026-08-10","2026-08-10T17:11:05Z","v1.1.2026.9903","2026-04-09T13:52:18Z","KnowledgeBaseGatewayInstaller.exe","23","https://github.com/iawnfoanaowt/OneFind/releases/download/v1.1.2026.9903/KnowledgeBaseGatewayInstaller.exe"
"2026-08-11","2026-08-11T17:15:00Z","v1.8.2026.22201","2026-08-11T11:28:45Z","OneFind-macos-arm64-v1.8.dmg","2","https://github.com/iawnfoanaowt/OneFind/releases/download/v1.8.2026.22201/OneFind-macos-arm64-v1.8.dmg"
"2026-08-11","2026-08-11T17:15:00Z","v1.8.2026.22201","2026-08-11T11:28:45Z","OneFindInstaller_1.8.exe","48","https://github.com/iawnfoanaowt/OneFind/releases/download/v1.8.2026.22201/OneFindInstaller_1.8.exe"
"2026-08-11","2026-08-11T17:15:00Z","v1.7.2026.13301","2026-05-12T13:33:59Z","OneFind-macos-arm64-v1.7.dmg","132","https://github.com/iawnfoanaowt/OneFind/releases/download/v1.7.2026.13301/OneFind-macos-arm64-v1.7.dmg"
"2026-08-11","2026-08-11T17:15:00Z","v1.7.2026.13301","2026-05-12T13:33:59Z","OneFindInstaller-windows_1.7.exe","714","https://github.com/iawnfoanaowt/OneFind/releases/download/v1.7.2026.13301/OneFindInstaller-windows_1.7.exe"
"2026-08-11","2026-08-11T17:15:00Z","v1.6.2026.11705","2026-04-26T15:04:28Z","OneFindInstaller_1.6.exe","175","https://github.com/iawnfoanaowt/OneFind/releases/download/v1.6.2026.11705/OneFindInstaller_1.6.exe"
"2026-08-11","2026-08-11T17:15:00Z","v1.5.2026.10704","2026-04-16T08:24:20Z","OneFindInstaller_1.5.exe","108","https://github.com/iawnfoanaowt/OneFind/releases/download/v1.5.2026.10704/OneFindInstaller_1.5.exe"
"2026-08-11","2026-08-11T17:15:00Z","v1.5.2026.10609","2026-04-16T08:11:49Z","OneFindInstaller_1.5.exe","3","https://github.com/iawnfoanaowt/OneFind/releases/download/v1.5.2026.10609/OneFindInstaller_1.5.exe"
"2026-08-11","2026-08-11T17:15:00Z","v1.4.2026.10104","2026-04-11T14:47:23Z","KnowledgeBaseGatewayInstaller.exe","80","https://github.com/iawnfoanaowt/OneFind/releases/download/v1.4.2026.10104/KnowledgeBaseGatewayInstaller.exe"
"2026-08-11","2026-08-11T17:15:00Z","v1.2.2026.10009","2026-04-10T12:55:08Z","KnowledgeBaseGatewayInstaller.exe","31","https://github.com/iawnfoanaowt/OneFind/releases/download/v1.2.2026.10009/KnowledgeBaseGatewayInstaller.exe"
"2026-08-11","2026-08-11T17:15:00Z","v1.1.2026.9903","2026-04-09T13:52:18Z","KnowledgeBaseGatewayInstaller.exe","23","https://github.com/iawnfoanaowt/OneFind/releases/download/v1.1.2026.9903/KnowledgeBaseGatewayInstaller.exe"
"2026-08-12","2026-08-12T17:15:26Z","v1.8.2026.22201","2026-08-11T11:28:45Z","OneFind-macos-arm64-v1.8.dmg","4","https://github.com/iawnfoanaowt/OneFind/releases/download/v1.8.2026.22201/OneFind-macos-arm64-v1.8.dmg"
"2026-08-12","2026-08-12T17:15:26Z","v1.8.2026.22201","2026-08-11T11:28:45Z","OneFindInstaller_1.8.exe","65","https://github.com/iawnfoanaowt/OneFind/releases/download/v1.8.2026.22201/OneFindInstaller_1.8.exe"
"2026-08-12","2026-08-12T17:15:26Z","v1.7.2026.13301","2026-05-12T13:33:59Z","OneFind-macos-arm64-v1.7.dmg","132","https://github.com/iawnfoanaowt/OneFind/releases/download/v1.7.2026.13301/OneFind-macos-arm64-v1.7.dmg"
"2026-08-12","2026-08-12T17:15:26Z","v1.7.2026.13301","2026-05-12T13:33:59Z","OneFindInstaller-windows_1.7.exe","714","https://github.com/iawnfoanaowt/OneFind/releases/download/v1.7.2026.13301/OneFindInstaller-windows_1.7.exe"
"2026-08-12","2026-08-12T17:15:26Z","v1.6.2026.11705","2026-04-26T15:04:28Z","OneFindInstaller_1.6.exe","175","https://github.com/iawnfoanaowt/OneFind/releases/download/v1.6.2026.11705/OneFindInstaller_1.6.exe"
"2026-08-12","2026-08-12T17:15:26Z","v1.5.2026.10704","2026-04-16T08:24:20Z","OneFindInstaller_1.5.exe","108","https://github.com/iawnfoanaowt/OneFind/releases/download/v1.5.2026.10704/OneFindInstaller_1.5.exe"
"2026-08-12","2026-08-12T17:15:26Z","v1.5.2026.10609","2026-04-16T08:11:49Z","OneFindInstaller_1.5.exe","3","https://github.com/iawnfoanaowt/OneFind/releases/download/v1.5.2026.10609/OneFindInstaller_1.5.exe"
"2026-08-12","2026-08-12T17:15:26Z","v1.4.2026.10104","2026-04-11T14:47:23Z","KnowledgeBaseGatewayInstaller.exe","80","https://github.com/iawnfoanaowt/OneFind/releases/download/v1.4.2026.10104/KnowledgeBaseGatewayInstaller.exe"
"2026-08-12","2026-08-12T17:15:26Z","v1.2.2026.10009","2026-04-10T12:55:08Z","KnowledgeBaseGatewayInstaller.exe","31","https://github.com/iawnfoanaowt/OneFind/releases/download/v1.2.2026.10009/KnowledgeBaseGatewayInstaller.exe"
"2026-08-12","2026-08-12T17:15:26Z","v1.1.2026.9903","2026-04-09T13:52:18Z","KnowledgeBaseGatewayInstaller.exe","23","https://github.com/iawnfoanaowt/OneFind/releases/download/v1.1.2026.9903/KnowledgeBaseGatewayInstaller.exe"
"2026-08-13","2026-08-13T17:15:33Z","v1.8.2026.22201","2026-08-11T11:28:45Z","OneFind-macos-arm64-v1.8.dmg","5","https://github.com/iawnfoanaowt/OneFind/releases/download/v1.8.2026.22201/OneFind-macos-arm64-v1.8.dmg"
"2026-08-13","2026-08-13T17:15:33Z","v1.8.2026.22201","2026-08-11T11:28:45Z","OneFindInstaller_1.8.exe","71","https://github.com/iawnfoanaowt/OneFind/releases/download/v1.8.2026.22201/OneFindInstaller_1.8.exe"
"2026-08-13","2026-08-13T17:15:33Z","v1.7.2026.13301","2026-05-12T13:33:59Z","OneFind-macos-arm64-v1.7.dmg","132","https://github.com/iawnfoanaowt/OneFind/releases/download/v1.7.2026.13301/OneFind-macos-arm64-v1.7.dmg"
"2026-08-13","2026-08-13T17:15:33Z","v1.7.2026.13301","2026-05-12T13:33:59Z","OneFindInstaller-windows_1.7.exe","714","https://github.com/iawnfoanaowt/OneFind/releases/download/v1.7.2026.13301/OneFindInstaller-windows_1.7.exe"
"2026-08-13","2026-08-13T17:15:33Z","v1.6.2026.11705","2026-04-26T15:04:28Z","OneFindInstaller_1.6.exe","175","https://github.com/iawnfoanaowt/OneFind/releases/download/v1.6.2026.11705/OneFindInstaller_1.6.exe"
"2026-08-13","2026-08-13T17:15:33Z","v1.5.2026.10704","2026-04-16T08:24:20Z","OneFindInstaller_1.5.exe","108","https://github.com/iawnfoanaowt/OneFind/releases/download/v1.5.2026.10704/OneFindInstaller_1.5.exe"
"2026-08-13","2026-08-13T17:15:33Z","v1.5.2026.10609","2026-04-16T08:11:49Z","OneFindInstaller_1.5.exe","3","https://github.com/iawnfoanaowt/OneFind/releases/download/v1.5.2026.10609/OneFindInstaller_1.5.exe"
"2026-08-13","2026-08-13T17:15:33Z","v1.4.2026.10104","2026-04-11T14:47:23Z","KnowledgeBaseGatewayInstaller.exe","80","https://github.com/iawnfoanaowt/OneFind/releases/download/v1.4.2026.10104/KnowledgeBaseGatewayInstaller.exe"
"2026-08-13","2026-08-13T17:15:33Z","v1.2.2026.10009","2026-04-10T12:55:08Z","KnowledgeBaseGatewayInstaller.exe","31","https://github.com/iawnfoanaowt/OneFind/releases/download/v1.2.2026.10009/KnowledgeBaseGatewayInstaller.exe"
"2026-08-13","2026-08-13T17:15:33Z","v1.1.2026.9903","2026-04-09T13:52:18Z","KnowledgeBaseGatewayInstaller.exe","23","https://github.com/iawnfoanaowt/OneFind/releases/download/v1.1.2026.9903/KnowledgeBaseGatewayInstaller.exe"
"2026-08-14","2026-08-14T17:13:51Z","v1.8.2026.22201","2026-08-11T11:28:45Z","OneFind-macos-arm64-v1.8.dmg","6","https://github.com/iawnfoanaowt/OneFind/releases/download/v1.8.2026.22201/OneFind-macos-arm64-v1.8.dmg"
"2026-08-14","2026-08-14T17:13:51Z","v1.8.2026.22201","2026-08-11T11:28:45Z","OneFindInstaller_1.8.exe","86","https://github.com/iawnfoanaowt/OneFind/releases/download/v1.8.2026.22201/OneFindInstaller_1.8.exe"
"2026-08-14","2026-08-14T17:13:51Z","v1.7.2026.13301","2026-05-12T13:33:59Z","OneFind-macos-arm64-v1.7.dmg","132","https://github.com/iawnfoanaowt/OneFind/releases/download/v1.7.2026.13301/OneFind-macos-arm64-v1.7.dmg"
"2026-08-14","2026-08-14T17:13:51Z","v1.7.2026.13301","2026-05-12T13:33:59Z","OneFindInstaller-windows_1.7.exe","714","https://github.com/iawnfoanaowt/OneFind/releases/download/v1.7.2026.13301/OneFindInstaller-windows_1.7.exe"
"2026-08-14","2026-08-14T17:13:51Z","v1.6.2026.11705","2026-04-26T15:04:28Z","OneFindInstaller_1.6.exe","175","https://github.com/iawnfoanaowt/OneFind/releases/download/v1.6.2026.11705/OneFindInstaller_1.6.exe"
"2026-08-14","2026-08-14T17:13:51Z","v1.5.2026.10704","2026-04-16T08:24:20Z","OneFindInstaller_1.5.exe","108","https://github.com/iawnfoanaowt/OneFind/releases/download/v1.5.2026.10704/OneFindInstaller_1.5.exe"
"2026-08-14","2026-08-14T17:13:51Z","v1.5.2026.10609","2026-04-16T08:11:49Z","OneFindInstaller_1.5.exe","3","https://github.com/iawnfoanaowt/OneFind/releases/download/v1.5.2026.10609/OneFindInstaller_1.5.exe"
"2026-08-14","2026-08-14T17:13:51Z","v1.4.2026.10104","2026-04-11T14:47:23Z","KnowledgeBaseGatewayInstaller.exe","80","https://github.com/iawnfoanaowt/OneFind/releases/download/v1.4.2026.10104/KnowledgeBaseGatewayInstaller.exe"
"2026-08-14","2026-08-14T17:13:51Z","v1.2.2026.10009","2026-04-10T12:55:08Z","KnowledgeBaseGatewayInstaller.exe","31","https://github.com/iawnfoanaowt/OneFind/releases/download/v1.2.2026.10009/KnowledgeBaseGatewayInstaller.exe"
"2026-08-14","2026-08-14T17:13:51Z","v1.1.2026.9903","2026-04-09T13:52:18Z","KnowledgeBaseGatewayInstaller.exe","23","https://github.com/iawnfoanaowt/OneFind/releases/download/v1.1.2026.9903/KnowledgeBaseGatewayInstaller.exe"
"2026-08-15","2026-08-15T16:43:20Z","v1.8.2026.22201","2026-08-11T11:28:45Z","OneFind-macos-arm64-v1.8.dmg","7","https://github.com/iawnfoanaowt/OneFind/releases/download/v1.8.2026.22201/OneFind-macos-arm64-v1.8.dmg"
"2026-08-15","2026-08-15T16:43:20Z","v1.8.2026.22201","2026-08-11T11:28:45Z","OneFindInstaller_1.8.exe","89","https://github.com/iawnfoanaowt/OneFind/releases/download/v1.8.2026.22201/OneFindInstaller_1.8.exe"
"2026-08-15","2026-08-15T16:43:20Z","v1.7.2026.13301","2026-05-12T13:33:59Z","OneFind-macos-arm64-v1.7.dmg","132","https://github.com/iawnfoanaowt/OneFind/releases/download/v1.7.2026.13301/OneFind-macos-arm64-v1.7.dmg"
"2026-08-15","2026-08-15T16:43:20Z","v1.7.2026.13301","2026-05-12T13:33:59Z","OneFindInstaller-windows_1.7.exe","714","https://github.com/iawnfoanaowt/OneFind/releases/download/v1.7.2026.13301/OneFindInstaller-windows_1.7.exe"
"2026-08-15","2026-08-15T16:43:20Z","v1.6.2026.11705","2026-04-26T15:04:28Z","OneFindInstaller_1.6.exe","175","https://github.com/iawnfoanaowt/OneFind/releases/download/v1.6.2026.11705/OneFindInstaller_1.6.exe"
"2026-08-15","2026-08-15T16:43:20Z","v1.5.2026.10704","2026-04-16T08:24:20Z","OneFindInstaller_1.5.exe","108","https://github.com/iawnfoanaowt/OneFind/releases/download/v1.5.2026.10704/OneFindInstaller_1.5.exe"
"2026-08-15","2026-08-15T16:43:20Z","v1.5.2026.10609","2026-04-16T08:11:49Z","OneFindInstaller_1.5.exe","3","https://github.com/iawnfoanaowt/OneFind/releases/download/v1.5.2026.10609/OneFindInstaller_1.5.exe"
"2026-08-15","2026-08-15T16:43:20Z","v1.4.2026.10104","2026-04-11T14:47:23Z","KnowledgeBaseGatewayInstaller.exe","80","https://github.com/iawnfoanaowt/OneFind/releases/download/v1.4.2026.10104/KnowledgeBaseGatewayInstaller.exe"
"2026-08-15","2026-08-15T16:43:20Z","v1.2.2026.10009","2026-04-10T12:55:08Z","KnowledgeBaseGatewayInstaller.exe","31","https://github.com/iawnfoanaowt/OneFind/releases/download/v1.2.2026.10009/KnowledgeBaseGatewayInstaller.exe"
"2026-08-15","2026-08-15T16:43:20Z","v1.1.2026.9903","2026-04-09T13:52:18Z","KnowledgeBaseGatewayInstaller.exe","23","https://github.com/iawnfoanaowt/OneFind/releases/download/v1.1.2026.9903/KnowledgeBaseGatewayInstaller.exe"
"2026-08-16","2026-08-16T16:43:54Z","v1.8.2026.22201","2026-08-11T11:28:45Z","OneFind-macos-arm64-v1.8.dmg","8","https://github.com/iawnfoanaowt/OneFind/releases/download/v1.8.2026.22201/OneFind-macos-arm64-v1.8.dmg"
"2026-08-16","2026-08-16T16:43:54Z","v1.8.2026.22201","2026-08-11T11:28:45Z","OneFindInstaller_1.8.exe","97","https://github.com/iawnfoanaowt/OneFind/releases/download/v1.8.2026.22201/OneFindInstaller_1.8.exe"
"2026-08-16","2026-08-16T16:43:54Z","v1.7.2026.13301","2026-05-12T13:33:59Z","OneFind-macos-arm64-v1.7.dmg","132","https://github.com/iawnfoanaowt/OneFind/releases/download/v1.7.2026.13301/OneFind-macos-arm64-v1.7.dmg"
"2026-08-16","2026-08-16T16:43:54Z","v1.7.2026.13301","2026-05-12T13:33:59Z","OneFindInstaller-windows_1.7.exe","714","https://github.com/iawnfoanaowt/OneFind/releases/download/v1.7.2026.13301/OneFindInstaller-windows_1.7.exe"
"2026-08-16","2026-08-16T16:43:54Z","v1.6.2026.11705","2026-04-26T15:04:28Z","OneFindInstaller_1.6.exe","175","https://github.com/iawnfoanaowt/OneFind/releases/download/v1.6.2026.11705/OneFindInstaller_1.6.exe"
"2026-08-16","2026-08-16T16:43:54Z","v1.5.2026.10704","2026-04-16T08:24:20Z","OneFindInstaller_1.5.exe","108","https://github.com/iawnfoanaowt/OneFind/releases/download/v1.5.2026.10704/OneFindInstaller_1.5.exe"
"2026-08-16","2026-08-16T16:43:54Z","v1.5.2026.10609","2026-04-16T08:11:49Z","OneFindInstaller_1.5.exe","3","https://github.com/iawnfoanaowt/OneFind/releases/download/v1.5.2026.10609/OneFindInstaller_1.5.exe"
"2026-08-16","2026-08-16T16:43:54Z","v1.4.2026.10104","2026-04-11T14:47:23Z","KnowledgeBaseGatewayInstaller.exe","81","https://github.com/iawnfoanaowt/OneFind/releases/download/v1.4.2026.10104/KnowledgeBaseGatewayInstaller.exe"
"2026-08-16","2026-08-16T16:43:54Z","v1.2.2026.10009","2026-04-10T12:55:08Z","KnowledgeBaseGatewayInstaller.exe","31","https://github.com/iawnfoanaowt/OneFind/releases/download/v1.2.2026.10009/KnowledgeBaseGatewayInstaller.exe"
"2026-08-16","2026-08-16T16:43:54Z","v1.1.2026.9903","2026-04-09T13:52:18Z","KnowledgeBaseGatewayInstaller.exe","23","https://github.com/iawnfoanaowt/OneFind/releases/download/v1.1.2026.9903/KnowledgeBaseGatewayInstaller.exe"
"2026-08-17","2026-08-17T16:48:18Z","v1.8.2026.22201","2026-08-11T11:28:45Z","OneFind-macos-arm64-v1.8.dmg","0","https://github.com/iawnfoanaowt/OneFind/releases/download/v1.8.2026.22201/OneFind-macos-arm64-v1.8.dmg"
"2026-08-17","2026-08-17T16:48:18Z","v1.8.2026.22201","2026-08-11T11:28:45Z","OneFindInstaller_1.8.exe","99","https://github.com/iawnfoanaowt/OneFind/releases/download/v1.8.2026.22201/OneFindInstaller_1.8.exe"
"2026-08-17","2026-08-17T16:48:18Z","v1.7.2026.13301","2026-05-12T13:33:59Z","OneFind-macos-arm64-v1.7.dmg","132","https://github.com/iawnfoanaowt/OneFind/releases/download/v1.7.2026.13301/OneFind-macos-arm64-v1.7.dmg"
"2026-08-17","2026-08-17T16:48:18Z","v1.7.2026.13301","2026-05-12T13:33:59Z","OneFindInstaller-windows_1.7.exe","714","https://github.com/iawnfoanaowt/OneFind/releases/download/v1.7.2026.13301/OneFindInstaller-windows_1.7.exe"
"2026-08-17","2026-08-17T16:48:18Z","v1.6.2026.11705","2026-04-26T15:04:28Z","OneFindInstaller_1.6.exe","175","https://github.com/iawnfoanaowt/OneFind/releases/download/v1.6.2026.11705/OneFindInstaller_1.6.exe"
"2026-08-17","2026-08-17T16:48:18Z","v1.5.2026.10704","2026-04-16T08:24:20Z","OneFindInstaller_1.5.exe","108","https://github.com/iawnfoanaowt/OneFind/releases/download/v1.5.2026.10704/OneFindInstaller_1.5.exe"
"2026-08-17","2026-08-17T16:48:18Z","v1.5.2026.10609","2026-04-16T08:11:49Z","OneFindInstaller_1.5.exe","3","https://github.com/iawnfoanaowt/OneFind/releases/download/v1.5.2026.10609/OneFindInstaller_1.5.exe"
"2026-08-17","2026-08-17T16:48:18Z","v1.4.2026.10104","2026-04-11T14:47:23Z","KnowledgeBaseGatewayInstaller.exe","81","https://github.com/iawnfoanaowt/OneFind/releases/download/v1.4.2026.10104/KnowledgeBaseGatewayInstaller.exe"
"2026-08-17","2026-08-17T16:48:18Z","v1.2.2026.10009","2026-04-10T12:55:08Z","KnowledgeBaseGatewayInstaller.exe","31","https://github.com/iawnfoanaowt/OneFind/releases/download/v1.2.2026.10009/KnowledgeBaseGatewayInstaller.exe"
"2026-08-17","2026-08-17T16:48:18Z","v1.1.2026.9903","2026-04-09T13:52:18Z","KnowledgeBaseGatewayInstaller.exe","23","https://github.com/iawnfoanaowt/OneFind/releases/download/v1.1.2026.9903/KnowledgeBaseGatewayInstaller.exe"
"2026-08-18","2026-08-18T16:51:11Z","v1.8.2026.22201","2026-08-11T11:28:45Z","OneFind-macos-arm64-v1.8.dmg","0","https://github.com/iawnfoanaowt/OneFind/releases/download/v1.8.2026.22201/OneFind-macos-arm64-v1.8.dmg"
"2026-08-18","2026-08-18T16:51:11Z","v1.8.2026.22201","2026-08-11T11:28:45Z","OneFindInstaller_1.8.exe","108","https://github.com/iawnfoanaowt/OneFind/releases/download/v1.8.2026.22201/OneFindInstaller_1.8.exe"
"2026-08-18","2026-08-18T16:51:11Z","v1.7.2026.13301","2026-05-12T13:33:59Z","OneFind-macos-arm64-v1.7.dmg","132","https://github.com/iawnfoanaowt/OneFind/releases/download/v1.7.2026.13301/OneFind-macos-arm64-v1.7.dmg"
"2026-08-18","2026-08-18T16:51:11Z","v1.7.2026.13301","2026-05-12T13:33:59Z","OneFindInstaller-windows_1.7.exe","714","https://github.com/iawnfoanaowt/OneFind/releases/download/v1.7.2026.13301/OneFindInstaller-windows_1.7.exe"
"2026-08-18","2026-08-18T16:51:11Z","v1.6.2026.11705","2026-04-26T15:04:28Z","OneFindInstaller_1.6.exe","175","https://github.com/iawnfoanaowt/OneFind/releases/download/v1.6.2026.11705/OneFindInstaller_1.6.exe"
"2026-08-18","2026-08-18T16:51:11Z","v1.5.2026.10704","2026-04-16T08:24:20Z","OneFindInstaller_1.5.exe","108","https://github.com/iawnfoanaowt/OneFind/releases/download/v1.5.2026.10704/OneFindInstaller_1.5.exe"
"2026-08-18","2026-08-18T16:51:11Z","v1.5.2026.10609","2026-04-16T08:11:49Z","OneFindInstaller_1.5.exe","3","https://github.com/iawnfoanaowt/OneFind/releases/download/v1.5.2026.10609/OneFindInstaller_1.5.exe"
"2026-08-18","2026-08-18T16:51:11Z","v1.4.2026.10104","2026-04-11T14:47:23Z","KnowledgeBaseGatewayInstaller.exe","81","https://github.com/iawnfoanaowt/OneFind/releases/download/v1.4.2026.10104/KnowledgeBaseGatewayInstaller.exe"
"2026-08-18","2026-08-18T16:51:11Z","v1.2.2026.10009","2026-04-10T12:55:08Z","KnowledgeBaseGatewayInstaller.exe","31","https://github.com/iawnfoanaowt/OneFind/releases/download/v1.2.2026.10009/KnowledgeBaseGatewayInstaller.exe"
"2026-08-18","2026-08-18T16:51:11Z","v1.1.2026.9903","2026-04-09T13:52:18Z","KnowledgeBaseGatewayInstaller.exe","23","https://github.com/iawnfoanaowt/OneFind/releases/download/v1.1.2026.9903/KnowledgeBaseGatewayInstaller.exe"
"2026-08-19","2026-08-19T16:49:25Z","v1.8.2026.22201","2026-08-11T11:28:45Z","OneFind-macos-arm64-v1.8.dmg","1","https://github.com/iawnfoanaowt/OneFind/releases/download/v1.8.2026.22201/OneFind-macos-arm64-v1.8.dmg"
"2026-08-19","2026-08-19T16:49:25Z","v1.8.2026.22201","2026-08-11T11:28:45Z","OneFindInstaller_1.8.exe","110","https://github.com/iawnfoanaowt/OneFind/releases/download/v1.8.2026.22201/OneFindInstaller_1.8.exe"
"2026-08-19","2026-08-19T16:49:25Z","v1.7.2026.13301","2026-05-12T13:33:59Z","OneFind-macos-arm64-v1.7.dmg","132","https://github.com/iawnfoanaowt/OneFind/releases/download/v1.7.2026.13301/OneFind-macos-arm64-v1.7.dmg"
"2026-08-19","2026-08-19T16:49:25Z","v1.7.2026.13301","2026-05-12T13:33:59Z","OneFindInstaller-windows_1.7.exe","714","https://github.com/iawnfoanaowt/OneFind/releases/download/v1.7.2026.13301/OneFindInstaller-windows_1.7.exe"
"2026-08-19","2026-08-19T16:49:25Z","v1.6.2026.11705","2026-04-26T15:04:28Z","OneFindInstaller_1.6.exe","175","https://github.com/iawnfoanaowt/OneFind/releases/download/v1.6.2026.11705/OneFindInstaller_1.6.exe"
"2026-08-19","2026-08-19T16:49:25Z","v1.5.2026.10704","2026-04-16T08:24:20Z","OneFindInstaller_1.5.exe","108","https://github.com/iawnfoanaowt/OneFind/releases/download/v1.5.2026.10704/OneFindInstaller_1.5.exe"
"2026-08-19","2026-08-19T16:49:25Z","v1.5.2026.10609","2026-04-16T08:11:49Z","OneFindInstaller_1.5.exe","3","https://github.com/iawnfoanaowt/OneFind/releases/download/v1.5.2026.10609/OneFindInstaller_1.5.exe"
"2026-08-19","2026-08-19T16:49:25Z","v1.4.2026.10104","2026-04-11T14:47:23Z","KnowledgeBaseGatewayInstaller.exe","81","https://github.com/iawnfoanaowt/OneFind/releases/download/v1.4.2026.10104/KnowledgeBaseGatewayInstaller.exe"
"2026-08-19","2026-08-19T16:49:25Z","v1.2.2026.10009","2026-04-10T12:55:08Z","KnowledgeBaseGatewayInstaller.exe","31","https://github.com/iawnfoanaowt/OneFind/releases/download/v1.2.2026.10009/KnowledgeBaseGatewayInstaller.exe"
"2026-08-19","2026-08-19T16:49:25Z","v1.1.2026.9903","2026-04-09T13:52:18Z","KnowledgeBaseGatewayInstaller.exe","23","https://github.com/iawnfoanaowt/OneFind/releases/download/v1.1.2026.9903/KnowledgeBaseGatewayInstaller.exe"
"2026-08-20","2026-08-20T16:53:43Z","v1.8.2026.22201","2026-08-11T11:28:45Z","OneFind-macos-arm64-v1.8.dmg","1","https://github.com/iawnfoanaowt/OneFind/releases/download/v1.8.2026.22201/OneFind-macos-arm64-v1.8.dmg"
"2026-08-20","2026-08-20T16:53:43Z","v1.8.2026.22201","2026-08-11T11:28:45Z","OneFindInstaller_1.8.exe","115","https://github.com/iawnfoanaowt/OneFind/releases/download/v1.8.2026.22201/OneFindInstaller_1.8.exe"
"2026-08-20","2026-08-20T16:53:43Z","v1.7.2026.13301","2026-05-12T13:33:59Z","OneFind-macos-arm64-v1.7.dmg","132","https://github.com/iawnfoanaowt/OneFind/releases/download/v1.7.2026.13301/OneFind-macos-arm64-v1.7.dmg"
"2026-08-20","2026-08-20T16:53:43Z","v1.7.2026.13301","2026-05-12T13:33:59Z","OneFindInstaller-windows_1.7.exe","714","https://github.com/iawnfoanaowt/OneFind/releases/download/v1.7.2026.13301/OneFindInstaller-windows_1.7.exe"
"2026-08-20","2026-08-20T16:53:43Z","v1.6.2026.11705","2026-04-26T15:04:28Z","OneFindInstaller_1.6.exe","175","https://github.com/iawnfoanaowt/OneFind/releases/download/v1.6.2026.11705/OneFindInstaller_1.6.exe"
"2026-08-20","2026-08-20T16:53:43Z","v1.5.2026.10704","2026-04-16T08:24:20Z","OneFindInstaller_1.5.exe","108","https://github.com/iawnfoanaowt/OneFind/releases/download/v1.5.2026.10704/OneFindInstaller_1.5.exe"
"2026-08-20","2026-08-20T16:53:43Z","v1.5.2026.10609","2026-04-16T08:11:49Z","OneFindInstaller_1.5.exe","3","https://github.com/iawnfoanaowt/OneFind/releases/download/v1.5.2026.10609/OneFindInstaller_1.5.exe"
"2026-08-20","2026-08-20T16:53:43Z","v1.4.2026.10104","2026-04-11T14:47:23Z","KnowledgeBaseGatewayInstaller.exe","81","https://github.com/iawnfoanaowt/OneFind/releases/download/v1.4.2026.10104/KnowledgeBaseGatewayInstaller.exe"
"2026-08-20","2026-08-20T16:53:43Z","v1.2.2026.10009","2026-04-10T12:55:08Z","KnowledgeBaseGatewayInstaller.exe","31","https://github.com/iawnfoanaowt/OneFind/releases/download/v1.2.2026.10009/KnowledgeBaseGatewayInstaller.exe"
"2026-08-20","2026-08-20T16:53:43Z","v1.1.2026.9903","2026-04-09T13:52:18Z","KnowledgeBaseGatewayInstaller.exe","23","https://github.com/iawnfoanaowt/OneFind/releases/download/v1.1.2026.9903/KnowledgeBaseGatewayInstaller.exe"
"2026-08-21","2026-08-21T16:54:03Z","v1.8.2026.22201","2026-08-11T11:28:45Z","OneFind-macos-arm64-v1.8.dmg","1","https://github.com/iawnfoanaowt/OneFind/releases/download/v1.8.2026.22201/OneFind-macos-arm64-v1.8.dmg"
"2026-08-21","2026-08-21T16:54:03Z","v1.8.2026.22201","2026-08-11T11:28:45Z","OneFindInstaller_1.8.exe","117","https://github.com/iawnfoanaowt/OneFind/releases/download/v1.8.2026.22201/OneFindInstaller_1.8.exe"
"2026-08-21","2026-08-21T16:54:03Z","v1.7.2026.13301","2026-05-12T13:33:59Z","OneFind-macos-arm64-v1.7.dmg","132","https://github.com/iawnfoanaowt/OneFind/releases/download/v1.7.2026.13301/OneFind-macos-arm64-v1.7.dmg"
"2026-08-21","2026-08-21T16:54:03Z","v1.7.2026.13301","2026-05-12T13:33:59Z","OneFindInstaller-windows_1.7.exe","714","https://github.com/iawnfoanaowt/OneFind/releases/download/v1.7.2026.13301/OneFindInstaller-windows_1.7.exe"
"2026-08-21","2026-08-21T16:54:03Z","v1.6.2026.11705","2026-04-26T15:04:28Z","OneFindInstaller_1.6.exe","175","https://github.com/iawnfoanaowt/OneFind/releases/download/v1.6.2026.11705/OneFindInstaller_1.6.exe"
"2026-08-21","2026-08-21T16:54:03Z","v1.5.2026.10704","2026-04-16T08:24:20Z","OneFindInstaller_1.5.exe","108","https://github.com/iawnfoanaowt/OneFind/releases/download/v1.5.2026.10704/OneFindInstaller_1.5.exe"
"2026-08-21","2026-08-21T16:54:03Z","v1.5.2026.10609","2026-04-16T08:11:49Z","OneFindInstaller_1.5.exe","3","https://github.com/iawnfoanaowt/OneFind/releases/download/v1.5.2026.10609/OneFindInstaller_1.5.exe"
"2026-08-21","2026-08-21T16:54:03Z","v1.4.2026.10104","2026-04-11T14:47:23Z","KnowledgeBaseGatewayInstaller.exe","81","https://github.com/iawnfoanaowt/OneFind/releases/download/v1.4.2026.10104/KnowledgeBaseGatewayInstaller.exe"
"2026-08-21","2026-08-21T16:54:03Z","v1.2.2026.10009","2026-04-10T12:55:08Z","KnowledgeBaseGatewayInstaller.exe","31","https://github.com/iawnfoanaowt/OneFind/releases/download/v1.2.2026.10009/KnowledgeBaseGatewayInstaller.exe"
"2026-08-21","2026-08-21T16:54:03Z","v1.1.2026.9903","2026-04-09T13:52:18Z","KnowledgeBaseGatewayInstaller.exe","23","https://github.com/iawnfoanaowt/OneFind/releases/download/v1.1.2026.9903/KnowledgeBaseGatewayInstaller.exe"
"2026-08-22","2026-08-22T16:43:11Z","v1.8.2026.22201","2026-08-11T11:28:45Z","OneFind-macos-arm64-v1.8.dmg","2","https://github.com/iawnfoanaowt/OneFind/releases/download/v1.8.2026.22201/OneFind-macos-arm64-v1.8.dmg"
"2026-08-22","2026-08-22T16:43:11Z","v1.8.2026.22201","2026-08-11T11:28:45Z","OneFindInstaller_1.8.exe","121","https://github.com/iawnfoanaowt/OneFind/releases/download/v1.8.2026.22201/OneFindInstaller_1.8.exe"
"2026-08-22","2026-08-22T16:43:11Z","v1.7.2026.13301","2026-05-12T13:33:59Z","OneFind-macos-arm64-v1.7.dmg","132","https://github.com/iawnfoanaowt/OneFind/releases/download/v1.7.2026.13301/OneFind-macos-arm64-v1.7.dmg"
"2026-08-22","2026-08-22T16:43:11Z","v1.7.2026.13301","2026-05-12T13:33:59Z","OneFindInstaller-windows_1.7.exe","714","https://github.com/iawnfoanaowt/OneFind/releases/download/v1.7.2026.13301/OneFindInstaller-windows_1.7.exe"
"2026-08-22","2026-08-22T16:43:11Z","v1.6.2026.11705","2026-04-26T15:04:28Z","OneFindInstaller_1.6.exe","175","https://github.com/iawnfoanaowt/OneFind/releases/download/v1.6.2026.11705/OneFindInstaller_1.6.exe"
"2026-08-22","2026-08-22T16:43:11Z","v1.5.2026.10704","2026-04-16T08:24:20Z","OneFindInstaller_1.5.exe","108","https://github.com/iawnfoanaowt/OneFind/releases/download/v1.5.2026.10704/OneFindInstaller_1.5.exe"
"2026-08-22","2026-08-22T16:43:11Z","v1.5.2026.10609","2026-04-16T08:11:49Z","OneFindInstaller_1.5.exe","3","https://github.com/iawnfoanaowt/OneFind/releases/download/v1.5.2026.10609/OneFindInstaller_1.5.exe"
"2026-08-22","2026-08-22T16:43:11Z","v1.4.2026.10104","2026-04-11T14:47:23Z","KnowledgeBaseGatewayInstaller.exe","81","https://github.com/iawnfoanaowt/OneFind/releases/download/v1.4.2026.10104/KnowledgeBaseGatewayInstaller.exe"
"2026-08-22","2026-08-22T16:43:11Z","v1.2.2026.10009","2026-04-10T12:55:08Z","KnowledgeBaseGatewayInstaller.exe","31","https://github.com/iawnfoanaowt/OneFind/releases/download/v1.2.2026.10009/KnowledgeBaseGatewayInstaller.exe"
"2026-08-22","2026-08-22T16:43:11Z","v1.1.2026.9903","2026-04-09T13:52:18Z","KnowledgeBaseGatewayInstaller.exe","23","https://github.com/iawnfoanaowt/OneFind/releases/download/v1.1.2026.9903/KnowledgeBaseGatewayInstaller.exe"
"2026-08-23","2026-08-23T16:44:59Z","v1.8.2026.22201","2026-08-11T11:28:45Z","OneFind-macos-arm64-v1.8.dmg","2","https://github.com/iawnfoanaowt/OneFind/releases/download/v1.8.2026.22201/OneFind-macos-arm64-v1.8.dmg"
"2026-08-23","2026-08-23T16:44:59Z","v1.8.2026.22201","2026-08-11T11:28:45Z","OneFindInstaller_1.8.exe","121","https://github.com/iawnfoanaowt/OneFind/releases/download/v1.8.2026.22201/OneFindInstaller_1.8.exe"
"2026-08-23","2026-08-23T16:44:59Z","v1.7.2026.13301","2026-05-12T13:33:59Z","OneFind-macos-arm64-v1.7.dmg","132","https://github.com/iawnfoanaowt/OneFind/releases/download/v1.7.2026.13301/OneFind-macos-arm64-v1.7.dmg"
"2026-08-23","2026-08-23T16:44:59Z","v1.7.2026.13301","2026-05-12T13:33:59Z","OneFindInstaller-windows_1.7.exe","714","https://github.com/iawnfoanaowt/OneFind/releases/download/v1.7.2026.13301/OneFindInstaller-windows_1.7.exe"
"2026-08-23","2026-08-23T16:44:59Z","v1.6.2026.11705","2026-04-26T15:04:28Z","OneFindInstaller_1.6.exe","175","https://github.com/iawnfoanaowt/OneFind/releases/download/v1.6.2026.11705/OneFindInstaller_1.6.exe"
"2026-08-23","2026-08-23T16:44:59Z","v1.5.2026.10704","2026-04-16T08:24:20Z","OneFindInstaller_1.5.exe","108","https://github.com/iawnfoanaowt/OneFind/releases/download/v1.5.2026.10704/OneFindInstaller_1.5.exe"
"2026-08-23","2026-08-23T16:44:59Z","v1.5.2026.10609","2026-04-16T08:11:49Z","OneFindInstaller_1.5.exe","3","https://github.com/iawnfoanaowt/OneFind/releases/download/v1.5.2026.10609/OneFindInstaller_1.5.exe"
"2026-08-23","2026-08-23T16:44:59Z","v1.4.2026.10104","2026-04-11T14:47:23Z","KnowledgeBaseGatewayInstaller.exe","81","https://github.com/iawnfoanaowt/OneFind/releases/download/v1.4.2026.10104/KnowledgeBaseGatewayInstaller.exe"
"2026-08-23","2026-08-23T16:44:59Z","v1.2.2026.10009","2026-04-10T12:55:08Z","KnowledgeBaseGatewayInstaller.exe","31","https://github.com/iawnfoanaowt/OneFind/releases/download/v1.2.2026.10009/KnowledgeBaseGatewayInstaller.exe"
"2026-08-23","2026-08-23T16:44:59Z","v1.1.2026.9903","2026-04-09T13:52:18Z","KnowledgeBaseGatewayInstaller.exe","23","https://github.com/iawnfoanaowt/OneFind/releases/download/v1.1.2026.9903/KnowledgeBaseGatewayInstaller.exe"
"2026-08-24","2026-08-24T16:57:15Z","v1.8.2026.22201","2026-08-11T11:28:45Z","OneFind-macos-arm64-v1.8.dmg","2","https://github.com/iawnfoanaowt/OneFind/releases/download/v1.8.2026.22201/OneFind-macos-arm64-v1.8.dmg"
"2026-08-24","2026-08-24T16:57:15Z","v1.8.2026.22201","2026-08-11T11:28:45Z","OneFindInstaller_1.8.exe","121","https://github.com/iawnfoanaowt/OneFind/releases/download/v1.8.2026.22201/OneFindInstaller_1.8.exe"
"2026-08-24","2026-08-24T16:57:15Z","v1.7.2026.13301","2026-05-12T13:33:59Z","OneFind-macos-arm64-v1.7.dmg","132","https://github.com/iawnfoanaowt/OneFind/releases/download/v1.7.2026.13301/OneFind-macos-arm64-v1.7.dmg"
"2026-08-24","2026-08-24T16:57:15Z","v1.7.2026.13301","2026-05-12T13:33:59Z","OneFindInstaller-windows_1.7.exe","714","https://github.com/iawnfoanaowt/OneFind/releases/download/v1.7.2026.13301/OneFindInstaller-windows_1.7.exe"
"2026-08-24","2026-08-24T16:57:15Z","v1.6.2026.11705","2026-04-26T15:04:28Z","OneFindInstaller_1.6.exe","175","https://github.com/iawnfoanaowt/OneFind/releases/download/v1.6.2026.11705/OneFindInstaller_1.6.exe"
"2026-08-24","2026-08-24T16:57:15Z","v1.5.2026.10704","2026-04-16T08:24:20Z","OneFindInstaller_1.5.exe","108","https://github.com/iawnfoanaowt/OneFind/releases/download/v1.5.2026.10704/OneFindInstaller_1.5.exe"
"2026-08-24","2026-08-24T16:57:15Z","v1.5.2026.10609","2026-04-16T08:11:49Z","OneFindInstaller_1.5.exe","3","https://github.com/iawnfoanaowt/OneFind/releases/download/v1.5.2026.10609/OneFindInstaller_1.5.exe"
"2026-08-24","2026-08-24T16:57:15Z","v1.4.2026.10104","2026-04-11T14:47:23Z","KnowledgeBaseGatewayInstaller.exe","81","https://github.com/iawnfoanaowt/OneFind/releases/download/v1.4.2026.10104/KnowledgeBaseGatewayInstaller.exe"
"2026-08-24","2026-08-24T16:57:15Z","v1.2.2026.10009","2026-04-10T12:55:08Z","KnowledgeBaseGatewayInstaller.exe","31","https://github.com/iawnfoanaowt/OneFind/releases/download/v1.2.2026.10009/KnowledgeBaseGatewayInstaller.exe"
"2026-08-24","2026-08-24T16:57:15Z","v1.1.2026.9903","2026-04-09T13:52:18Z","KnowledgeBaseGatewayInstaller.exe","23","https://github.com/iawnfoanaowt/OneFind/releases/download/v1.1.2026.9903/KnowledgeBaseGatewayInstaller.exe"
"2026-08-25","2026-08-25T17:03:00Z","v1.8.2026.22201","2026-08-11T11:28:45Z","OneFind-macos-arm64-v1.8.dmg","2","https://github.com/iawnfoanaowt/OneFind/releases/download/v1.8.2026.22201/OneFind-macos-arm64-v1.8.dmg"
"2026-08-25","2026-08-25T17:03:00Z","v1.8.2026.22201","2026-08-11T11:28:45Z","OneFindInstaller_1.8.exe","123","https://github.com/iawnfoanaowt/OneFind/releases/download/v1.8.2026.22201/OneFindInstaller_1.8.exe"
"2026-08-25","2026-08-25T17:03:00Z","v1.7.2026.13301","2026-05-12T13:33:59Z","OneFind-macos-arm64-v1.7.dmg","132","https://github.com/iawnfoanaowt/OneFind/releases/download/v1.7.2026.13301/OneFind-macos-arm64-v1.7.dmg"
"2026-08-25","2026-08-25T17:03:00Z","v1.7.2026.13301","2026-05-12T13:33:59Z","OneFindInstaller-windows_1.7.exe","714","https://github.com/iawnfoanaowt/OneFind/releases/download/v1.7.2026.13301/OneFindInstaller-windows_1.7.exe"
"2026-08-25","2026-08-25T17:03:00Z","v1.6.2026.11705","2026-04-26T15:04:28Z","OneFindInstaller_1.6.exe","175","https://github.com/iawnfoanaowt/OneFind/releases/download/v1.6.2026.11705/OneFindInstaller_1.6.exe"
"2026-08-25","2026-08-25T17:03:00Z","v1.5.2026.10704","2026-04-16T08:24:20Z","OneFindInstaller_1.5.exe","108","https://github.com/iawnfoanaowt/OneFind/releases/download/v1.5.2026.10704/OneFindInstaller_1.5.exe"
"2026-08-25","2026-08-25T17:03:00Z","v1.5.2026.10609","2026-04-16T08:11:49Z","OneFindInstaller_1.5.exe","3","https://github.com/iawnfoanaowt/OneFind/releases/download/v1.5.2026.10609/OneFindInstaller_1.5.exe"
"2026-08-25","2026-08-25T17:03:00Z","v1.4.2026.10104","2026-04-11T14:47:23Z","KnowledgeBaseGatewayInstaller.exe","81","https://github.com/iawnfoanaowt/OneFind/releases/download/v1.4.2026.10104/KnowledgeBaseGatewayInstaller.exe"
"2026-08-25","2026-08-25T17:03:00Z","v1.2.2026.10009","2026-04-10T12:55:08Z","KnowledgeBaseGatewayInstaller.exe","31","https://github.com/iawnfoanaowt/OneFind/releases/download/v1.2.2026.10009/KnowledgeBaseGatewayInstaller.exe"
"2026-08-25","2026-08-25T17:03:00Z","v1.1.2026.9903","2026-04-09T13:52:18Z","KnowledgeBaseGatewayInstaller.exe","23","https://github.com/iawnfoanaowt/OneFind/releases/download/v1.1.2026.9903/KnowledgeBaseGatewayInstaller.exe"
"2026-08-26","2026-08-26T18:04:35Z","v1.8.2026.22201","2026-08-11T11:28:45Z","OneFind-macos-arm64-v1.8.dmg","2","https://github.com/iawnfoanaowt/OneFind/releases/download/v1.8.2026.22201/OneFind-macos-arm64-v1.8.dmg"
"2026-08-26","2026-08-26T18:04:35Z","v1.8.2026.22201","2026-08-11T11:28:45Z","OneFindInstaller_1.8.exe","124","https://github.com/iawnfoanaowt/OneFind/releases/download/v1.8.2026.22201/OneFindInstaller_1.8.exe"
"2026-08-26","2026-08-26T18:04:35Z","v1.7.2026.13301","2026-05-12T13:33:59Z","OneFind-macos-arm64-v1.7.dmg","132","https://github.com/iawnfoanaowt/OneFind/releases/download/v1.7.2026.13301/OneFind-macos-arm64-v1.7.dmg"
"2026-08-26","2026-08-26T18:04:35Z","v1.7.2026.13301","2026-05-12T13:33:59Z","OneFindInstaller-windows_1.7.exe","714","https://github.com/iawnfoanaowt/OneFind/releases/download/v1.7.2026.13301/OneFindInstaller-windows_1.7.exe"
"2026-08-26","2026-08-26T18:04:35Z","v1.6.2026.11705","2026-04-26T15:04:28Z","OneFindInstaller_1.6.exe","175","https://github.com/iawnfoanaowt/OneFind/releases/download/v1.6.2026.11705/OneFindInstaller_1.6.exe"
"2026-08-26","2026-08-26T18:04:35Z","v1.5.2026.10704","2026-04-16T08:24:20Z","OneFindInstaller_1.5.exe","108","https://github.com/iawnfoanaowt/OneFind/releases/download/v1.5.2026.10704/OneFindInstaller_1.5.exe"
"2026-08-26","2026-08-26T18:04:35Z","v1.5.2026.10609","2026-04-16T08:11:49Z","OneFindInstaller_1.5.exe","3","https://github.com/iawnfoanaowt/OneFind/releases/download/v1.5.2026.10609/OneFindInstaller_1.5.exe"
"2026-08-26","2026-08-26T18:04:35Z","v1.4.2026.10104","2026-04-11T14:47:23Z","KnowledgeBaseGatewayInstaller.exe","81","https://github.com/iawnfoanaowt/OneFind/releases/download/v1.4.2026.10104/KnowledgeBaseGatewayInstaller.exe"
"2026-08-26","2026-08-26T18:04:35Z","v1.2.2026.10009","2026-04-10T12:55:08Z","KnowledgeBaseGatewayInstaller.exe","31","https://github.com/iawnfoanaowt/OneFind/releases/download/v1.2.2026.10009/KnowledgeBaseGatewayInstaller.exe"
"2026-08-26","2026-08-26T18:04:35Z","v1.1.2026.9903","2026-04-09T13:52:18Z","KnowledgeBaseGatewayInstaller.exe","23","https://github.com/iawnfoanaowt/OneFind/releases/download/v1.1.2026.9903/KnowledgeBaseGatewayInstaller.exe"
"2026-08-28","2026-08-28T00:58:26Z","v1.8.2026.22201","2026-08-11T11:28:45Z","OneFind-macos-arm64-v1.8.dmg","3","https://github.com/iawnfoanaowt/OneFind/releases/download/v1.8.2026.22201/OneFind-macos-arm64-v1.8.dmg"
"2026-08-28","2026-08-28T00:58:26Z","v1.8.2026.22201","2026-08-11T11:28:45Z","OneFindInstaller_1.8.exe","128","https://github.com/iawnfoanaowt/OneFind/releases/download/v1.8.2026.22201/OneFindInstaller_1.8.exe"
"2026-08-28","2026-08-28T00:58:26Z","v1.7.2026.13301","2026-05-12T13:33:59Z","OneFind-macos-arm64-v1.7.dmg","132","https://github.com/iawnfoanaowt/OneFind/releases/download/v1.7.2026.13301/OneFind-macos-arm64-v1.7.dmg"
"2026-08-28","2026-08-28T00:58:26Z","v1.7.2026.13301","2026-05-12T13:33:59Z","OneFindInstaller-windows_1.7.exe","715","https://github.com/iawnfoanaowt/OneFind/releases/download/v1.7.2026.13301/OneFindInstaller-windows_1.7.exe"
"2026-08-28","2026-08-28T00:58:26Z","v1.6.2026.11705","2026-04-26T15:04:28Z","OneFindInstaller_1.6.exe","175","https://github.com/iawnfoanaowt/OneFind/releases/download/v1.6.2026.11705/OneFindInstaller_1.6.exe"
"2026-08-28","2026-08-28T00:58:26Z","v1.5.2026.10704","2026-04-16T08:24:20Z","OneFindInstaller_1.5.exe","108","https://github.com/iawnfoanaowt/OneFind/releases/download/v1.5.2026.10704/OneFindInstaller_1.5.exe"
"2026-08-28","2026-08-28T00:58:26Z","v1.5.2026.10609","2026-04-16T08:11:49Z","OneFindInstaller_1.5.exe","3","https://github.com/iawnfoanaowt/OneFind/releases/download/v1.5.2026.10609/OneFindInstaller_1.5.exe"
"2026-08-28","2026-08-28T00:58:26Z","v1.4.2026.10104","2026-04-11T14:47:23Z","KnowledgeBaseGatewayInstaller.exe","81","https://github.com/iawnfoanaowt/OneFind/releases/download/v1.4.2026.10104/KnowledgeBaseGatewayInstaller.exe"
"2026-08-28","2026-08-28T00:58:26Z","v1.2.2026.10009","2026-04-10T12:55:08Z","KnowledgeBaseGatewayInstaller.exe","31","https://github.com/iawnfoanaowt/OneFind/releases/download/v1.2.2026.10009/KnowledgeBaseGatewayInstaller.exe"
"2026-08-28","2026-08-28T00:58:26Z","v1.1.2026.9903","2026-04-09T13:52:18Z","KnowledgeBaseGatewayInstaller.exe","23","https://github.com/iawnfoanaowt/OneFind/releases/download/v1.1.2026.9903/KnowledgeBaseGatewayInstaller.exe"
"2026-08-29","2026-08-29T19:25:29Z","v1.8.2026.22201","2026-08-11T11:28:45Z","OneFind-macos-arm64-v1.8.dmg","4","https://github.com/iawnfoanaowt/OneFind/releases/download/v1.8.2026.22201/OneFind-macos-arm64-v1.8.dmg"
"2026-08-29","2026-08-29T19:25:29Z","v1.8.2026.22201","2026-08-11T11:28:45Z","OneFindInstaller_1.8.exe","136","https://github.com/iawnfoanaowt/OneFind/releases/download/v1.8.2026.22201/OneFindInstaller_1.8.exe"
"2026-08-29","2026-08-29T19:25:29Z","v1.7.2026.13301","2026-05-12T13:33:59Z","OneFind-macos-arm64-v1.7.dmg","132","https://github.com/iawnfoanaowt/OneFind/releases/download/v1.7.2026.13301/OneFind-macos-arm64-v1.7.dmg"
"2026-08-29","2026-08-29T19:25:29Z","v1.7.2026.13301","2026-05-12T13:33:59Z","OneFindInstaller-windows_1.7.exe","715","https://github.com/iawnfoanaowt/OneFind/releases/download/v1.7.2026.13301/OneFindInstaller-windows_1.7.exe"
"2026-08-29","2026-08-29T19:25:29Z","v1.6.2026.11705","2026-04-26T15:04:28Z","OneFindInstaller_1.6.exe","175","https://github.com/iawnfoanaowt/OneFind/releases/download/v1.6.2026.11705/OneFindInstaller_1.6.exe"
"2026-08-29","2026-08-29T19:25:29Z","v1.5.2026.10704","2026-04-16T08:24:20Z","OneFindInstaller_1.5.exe","108","https://github.com/iawnfoanaowt/OneFind/releases/download/v1.5.2026.10704/OneFindInstaller_1.5.exe"
"2026-08-29","2026-08-29T19:25:29Z","v1.5.2026.10609","2026-04-16T08:11:49Z","OneFindInstaller_1.5.exe","3","https://github.com/iawnfoanaowt/OneFind/releases/download/v1.5.2026.10609/OneFindInstaller_1.5.exe"
"2026-08-29","2026-08-29T19:25:29Z","v1.4.2026.10104","2026-04-11T14:47:23Z","KnowledgeBaseGatewayInstaller.exe","81","https://github.com/iawnfoanaowt/OneFind/releases/download/v1.4.2026.10104/KnowledgeBaseGatewayInstaller.exe"
"2026-08-29","2026-08-29T19:25:29Z","v1.2.2026.10009","2026-04-10T12:55:08Z","KnowledgeBaseGatewayInstaller.exe","31","https://github.com/iawnfoanaowt/OneFind/releases/download/v1.2.2026.10009/KnowledgeBaseGatewayInstaller.exe"
"2026-08-29","2026-08-29T19:25:29Z","v1.1.2026.9903","2026-04-09T13:52:18Z","KnowledgeBaseGatewayInstaller.exe","23","https://github.com/iawnfoanaowt/OneFind/releases/download/v1.1.2026.9903/KnowledgeBaseGatewayInstaller.exe"
"2026-08-30","2026-08-30T19:20:18Z","v1.8.2026.22201","2026-08-11T11:28:45Z","OneFind-macos-arm64-v1.8.dmg","5","https://github.com/iawnfoanaowt/OneFind/releases/download/v1.8.2026.22201/OneFind-macos-arm64-v1.8.dmg"
"2026-08-30","2026-08-30T19:20:18Z","v1.8.2026.22201","2026-08-11T11:28:45Z","OneFindInstaller_1.8.exe","140","https://github.com/iawnfoanaowt/OneFind/releases/download/v1.8.2026.22201/OneFindInstaller_1.8.exe"
"2026-08-30","2026-08-30T19:20:18Z","v1.7.2026.13301","2026-05-12T13:33:59Z","OneFind-macos-arm64-v1.7.dmg","132","https://github.com/iawnfoanaowt/OneFind/releases/download/v1.7.2026.13301/OneFind-macos-arm64-v1.7.dmg"
"2026-08-30","2026-08-30T19:20:18Z","v1.7.2026.13301","2026-05-12T13:33:59Z","OneFindInstaller-windows_1.7.exe","715","https://github.com/iawnfoanaowt/OneFind/releases/download/v1.7.2026.13301/OneFindInstaller-windows_1.7.exe"
"2026-08-30","2026-08-30T19:20:18Z","v1.6.2026.11705","2026-04-26T15:04:28Z","OneFindInstaller_1.6.exe","175","https://github.com/iawnfoanaowt/OneFind/releases/download/v1.6.2026.11705/OneFindInstaller_1.6.exe"
"2026-08-30","2026-08-30T19:20:18Z","v1.5.2026.10704","2026-04-16T08:24:20Z","OneFindInstaller_1.5.exe","108","https://github.com/iawnfoanaowt/OneFind/releases/download/v1.5.2026.10704/OneFindInstaller_1.5.exe"
"2026-08-30","2026-08-30T19:20:18Z","v1.5.2026.10609","2026-04-16T08:11:49Z","OneFindInstaller_1.5.exe","3","https://github.com/iawnfoanaowt/OneFind/releases/download/v1.5.2026.10609/OneFindInstaller_1.5.exe"
"2026-08-30","2026-08-30T19:20:18Z","v1.4.2026.10104","2026-04-11T14:47:23Z","KnowledgeBaseGatewayInstaller.exe","81","https://github.com/iawnfoanaowt/OneFind/releases/download/v1.4.2026.10104/KnowledgeBaseGatewayInstaller.exe"
"2026-08-30","2026-08-30T19:20:18Z","v1.2.2026.10009","2026-04-10T12:55:08Z","KnowledgeBaseGatewayInstaller.exe","31","https://github.com/iawnfoanaowt/OneFind/releases/download/v1.2.2026.10009/KnowledgeBaseGatewayInstaller.exe"
"2026-08-30","2026-08-30T19:20:18Z","v1.1.2026.9903","2026-04-09T13:52:18Z","KnowledgeBaseGatewayInstaller.exe","23","https://github.com/iawnfoanaowt/OneFind/releases/download/v1.1.2026.9903/KnowledgeBaseGatewayInstaller.exe"
"2026-08-31","2026-08-31T21:29:40Z","v1.8.2026.22201","2026-08-11T11:28:45Z","OneFind-macos-arm64-v1.8.dmg","6","https://github.com/iawnfoanaowt/OneFind/releases/download/v1.8.2026.22201/OneFind-macos-arm64-v1.8.dmg"
"2026-08-31","2026-08-31T21:29:40Z","v1.8.2026.22201","2026-08-11T11:28:45Z","OneFindInstaller_1.8.exe","144","https://github.com/iawnfoanaowt/OneFind/releases/download/v1.8.2026.22201/OneFindInstaller_1.8.exe"
"2026-08-31","2026-08-31T21:29:40Z","v1.7.2026.13301","2026-05-12T13:33:59Z","OneFind-macos-arm64-v1.7.dmg","132","https://github.com/iawnfoanaowt/OneFind/releases/download/v1.7.2026.13301/OneFind-macos-arm64-v1.7.dmg"
"2026-08-31","2026-08-31T21:29:40Z","v1.7.2026.13301","2026-05-12T13:33:59Z","OneFindInstaller-windows_1.7.exe","715","https://github.com/iawnfoanaowt/OneFind/releases/download/v1.7.2026.13301/OneFindInstaller-windows_1.7.exe"
"2026-08-31","2026-08-31T21:29:40Z","v1.6.2026.11705","2026-04-26T15:04:28Z","OneFindInstaller_1.6.exe","175","https://github.com/iawnfoanaowt/OneFind/releases/download/v1.6.2026.11705/OneFindInstaller_1.6.exe"
"2026-08-31","2026-08-31T21:29:40Z","v1.5.2026.10704","2026-04-16T08:24:20Z","OneFindInstaller_1.5.exe","108","https://github.com/iawnfoanaowt/OneFind/releases/download/v1.5.2026.10704/OneFindInstaller_1.5.exe"
"2026-08-31","2026-08-31T21:29:40Z","v1.5.2026.10609","2026-04-16T08:11:49Z","OneFindInstaller_1.5.exe","3","https://github.com/iawnfoanaowt/OneFind/releases/download/v1.5.2026.10609/OneFindInstaller_1.5.exe"
"2026-08-31","2026-08-31T21:29:40Z","v1.4.2026.10104","2026-04-11T14:47:23Z","KnowledgeBaseGatewayInstaller.exe","81","https://github.com/iawnfoanaowt/OneFind/releases/download/v1.4.2026.10104/KnowledgeBaseGatewayInstaller.exe"
"2026-08-31","2026-08-31T21:29:40Z","v1.2.2026.10009","2026-04-10T12:55:08Z","KnowledgeBaseGatewayInstaller.exe","31","https://github.com/iawnfoanaowt/OneFind/releases/download/v1.2.2026.10009/KnowledgeBaseGatewayInstaller.exe"
"2026-08-31","2026-08-31T21:29:40Z","v1.1.2026.9903","2026-04-09T13:52:18Z","KnowledgeBaseGatewayInstaller.exe","23","https://github.com/iawnfoanaowt/OneFind/releases/download/v1.1.2026.9903/KnowledgeBaseGatewayInstaller.exe"
"2026-09-01","2026-09-01T19:25:08Z","v1.8.2026.22201","2026-08-11T11:28:45Z","OneFind-macos-arm64-v1.8.dmg","7","https://github.com/iawnfoanaowt/OneFind/releases/download/v1.8.2026.22201/OneFind-macos-arm64-v1.8.dmg"
"2026-09-01","2026-09-01T19:25:08Z","v1.8.2026.22201","2026-08-11T11:28:45Z","OneFindInstaller_1.8.exe","144","https://github.com/iawnfoanaowt/OneFind/releases/download/v1.8.2026.22201/OneFindInstaller_1.8.exe"
"2026-09-01","2026-09-01T19:25:08Z","v1.7.2026.13301","2026-05-12T13:33:59Z","OneFind-macos-arm64-v1.7.dmg","132","https://github.com/iawnfoanaowt/OneFind/releases/download/v1.7.2026.13301/OneFind-macos-arm64-v1.7.dmg"
"2026-09-01","2026-09-01T19:25:08Z","v1.7.2026.13301","2026-05-12T13:33:59Z","OneFindInstaller-windows_1.7.exe","715","https://github.com/iawnfoanaowt/OneFind/releases/download/v1.7.2026.13301/OneFindInstaller-windows_1.7.exe"
"2026-09-01","2026-09-01T19:25:08Z","v1.6.2026.11705","2026-04-26T15:04:28Z","OneFindInstaller_1.6.exe","175","https://github.com/iawnfoanaowt/OneFind/releases/download/v1.6.2026.11705/OneFindInstaller_1.6.exe"
"2026-09-01","2026-09-01T19:25:08Z","v1.5.2026.10704","2026-04-16T08:24:20Z","OneFindInstaller_1.5.exe","108","https://github.com/iawnfoanaowt/OneFind/releases/download/v1.5.2026.10704/OneFindInstaller_1.5.exe"
"2026-09-01","2026-09-01T19:25:08Z","v1.5.2026.10609","2026-04-16T08:11:49Z","OneFindInstaller_1.5.exe","3","https://github.com/iawnfoanaowt/OneFind/releases/download/v1.5.2026.10609/OneFindInstaller_1.5.exe"
"2026-09-01","2026-09-01T19:25:08Z","v1.4.2026.10104","2026-04-11T14:47:23Z","KnowledgeBaseGatewayInstaller.exe","81","https://github.com/iawnfoanaowt/OneFind/releases/download/v1.4.2026.10104/KnowledgeBaseGatewayInstaller.exe"
"2026-09-01","2026-09-01T19:25:08Z","v1.2.2026.10009","2026-04-10T12:55:08Z","KnowledgeBaseGatewayInstaller.exe","31","https://github.com/iawnfoanaowt/OneFind/releases/download/v1.2.2026.10009/KnowledgeBaseGatewayInstaller.exe"
"2026-09-01","2026-09-01T19:25:08Z","v1.1.2026.9903","2026-04-09T13:52:18Z","KnowledgeBaseGatewayInstaller.exe","23","https://github.com/iawnfoanaowt/OneFind/releases/download/v1.1.2026.9903/KnowledgeBaseGatewayInstaller.exe"
"2026-09-02","2026-09-02T19:24:11Z","v1.8.2026.22201","2026-08-11T11:28:45Z","OneFind-macos-arm64-v1.8.dmg","7","https://github.com/iawnfoanaowt/OneFind/releases/download/v1.8.2026.22201/OneFind-macos-arm64-v1.8.dmg"
"2026-09-02","2026-09-02T19:24:11Z","v1.8.2026.22201","2026-08-11T11:28:45Z","OneFindInstaller_1.8.exe","147","https://github.com/iawnfoanaowt/OneFind/releases/download/v1.8.2026.22201/OneFindInstaller_1.8.exe"
"2026-09-02","2026-09-02T19:24:11Z","v1.7.2026.13301","2026-05-12T13:33:59Z","OneFind-macos-arm64-v1.7.dmg","132","https://github.com/iawnfoanaowt/OneFind/releases/download/v1.7.2026.13301/OneFind-macos-arm64-v1.7.dmg"
"2026-09-02","2026-09-02T19:24:11Z","v1.7.2026.13301","2026-05-12T13:33:59Z","OneFindInstaller-windows_1.7.exe","715","https://github.com/iawnfoanaowt/OneFind/releases/download/v1.7.2026.13301/OneFindInstaller-windows_1.7.exe"
"2026-09-02","2026-09-02T19:24:11Z","v1.6.2026.11705","2026-04-26T15:04:28Z","OneFindInstaller_1.6.exe","175","https://github.com/iawnfoanaowt/OneFind/releases/download/v1.6.2026.11705/OneFindInstaller_1.6.exe"
"2026-09-02","2026-09-02T19:24:11Z","v1.5.2026.10704","2026-04-16T08:24:20Z","OneFindInstaller_1.5.exe","108","https://github.com/iawnfoanaowt/OneFind/releases/download/v1.5.2026.10704/OneFindInstaller_1.5.exe"
"2026-09-02","2026-09-02T19:24:11Z","v1.5.2026.10609","2026-04-16T08:11:49Z","OneFindInstaller_1.5.exe","3","https://github.com/iawnfoanaowt/OneFind/releases/download/v1.5.2026.10609/OneFindInstaller_1.5.exe"
"2026-09-02","2026-09-02T19:24:11Z","v1.4.2026.10104","2026-04-11T14:47:23Z","KnowledgeBaseGatewayInstaller.exe","81","https://github.com/iawnfoanaowt/OneFind/releases/download/v1.4.2026.10104/KnowledgeBaseGatewayInstaller.exe"
"2026-09-02","2026-09-02T19:24:11Z","v1.2.2026.10009","2026-04-10T12:55:08Z","KnowledgeBaseGatewayInstaller.exe","31","https://github.com/iawnfoanaowt/OneFind/releases/download/v1.2.2026.10009/KnowledgeBaseGatewayInstaller.exe"
"2026-09-02","2026-09-02T19:24:11Z","v1.1.2026.9903","2026-04-09T13:52:18Z","KnowledgeBaseGatewayInstaller.exe","23","https://github.com/iawnfoanaowt/OneFind/releases/download/v1.1.2026.9903/KnowledgeBaseGatewayInstaller.exe"
"2026-09-03","2026-09-03T19:18:39Z","v1.8.2026.22201","2026-08-11T11:28:45Z","OneFind-macos-arm64-v1.8.dmg","7","https://github.com/iawnfoanaowt/OneFind/releases/download/v1.8.2026.22201/OneFind-macos-arm64-v1.8.dmg"
"2026-09-03","2026-09-03T19:18:39Z","v1.8.2026.22201","2026-08-11T11:28:45Z","OneFindInstaller_1.8.exe","153","https://github.com/iawnfoanaowt/OneFind/releases/download/v1.8.2026.22201/OneFindInstaller_1.8.exe"
"2026-09-03","2026-09-03T19:18:39Z","v1.7.2026.13301","2026-05-12T13:33:59Z","OneFind-macos-arm64-v1.7.dmg","132","https://github.com/iawnfoanaowt/OneFind/releases/download/v1.7.2026.13301/OneFind-macos-arm64-v1.7.dmg"
"2026-09-03","2026-09-03T19:18:39Z","v1.7.2026.13301","2026-05-12T13:33:59Z","OneFindInstaller-windows_1.7.exe","715","https://github.com/iawnfoanaowt/OneFind/releases/download/v1.7.2026.13301/OneFindInstaller-windows_1.7.exe"
"2026-09-03","2026-09-03T19:18:39Z","v1.6.2026.11705","2026-04-26T15:04:28Z","OneFindInstaller_1.6.exe","175","https://github.com/iawnfoanaowt/OneFind/releases/download/v1.6.2026.11705/OneFindInstaller_1.6.exe"
"2026-09-03","2026-09-03T19:18:39Z","v1.5.2026.10704","2026-04-16T08:24:20Z","OneFindInstaller_1.5.exe","108","https://github.com/iawnfoanaowt/OneFind/releases/download/v1.5.2026.10704/OneFindInstaller_1.5.exe"
"2026-09-03","2026-09-03T19:18:39Z","v1.5.2026.10609","2026-04-16T08:11:49Z","OneFindInstaller_1.5.exe","3","https://github.com/iawnfoanaowt/OneFind/releases/download/v1.5.2026.10609/OneFindInstaller_1.5.exe"
"2026-09-03","2026-09-03T19:18:39Z","v1.4.2026.10104","2026-04-11T14:47:23Z","KnowledgeBaseGatewayInstaller.exe","81","https://github.com/iawnfoanaowt/OneFind/releases/download/v1.4.2026.10104/KnowledgeBaseGatewayInstaller.exe"
"2026-09-03","2026-09-03T19:18:39Z","v1.2.2026.10009","2026-04-10T12:55:08Z","KnowledgeBaseGatewayInstaller.exe","31","https://github.com/iawnfoanaowt/OneFind/releases/download/v1.2.2026.10009/KnowledgeBaseGatewayInstaller.exe"
"2026-09-03","2026-09-03T19:18:39Z","v1.1.2026.9903","2026-04-09T13:52:18Z","KnowledgeBaseGatewayInstaller.exe","23","https://github.com/iawnfoanaowt/OneFind/releases/download/v1.1.2026.9903/KnowledgeBaseGatewayInstaller.exe"
"2026-09-04","2026-09-04T19:00:03Z","v1.8.2026.22201","2026-08-11T11:28:45Z","OneFind-macos-arm64-v1.8.dmg","7","https://github.com/iawnfoanaowt/OneFind/releases/download/v1.8.2026.22201/OneFind-macos-arm64-v1.8.dmg"
"2026-09-04","2026-09-04T19:00:03Z","v1.8.2026.22201","2026-08-11T11:28:45Z","OneFindInstaller_1.8.exe","154","https://github.com/iawnfoanaowt/OneFind/releases/download/v1.8.2026.22201/OneFindInstaller_1.8.exe"
"2026-09-04","2026-09-04T19:00:03Z","v1.7.2026.13301","2026-05-12T13:33:59Z","OneFind-macos-arm64-v1.7.dmg","132","https://github.com/iawnfoanaowt/OneFind/releases/download/v1.7.2026.13301/OneFind-macos-arm64-v1.7.dmg"
"2026-09-04","2026-09-04T19:00:03Z","v1.7.2026.13301","2026-05-12T13:33:59Z","OneFindInstaller-windows_1.7.exe","715","https://github.com/iawnfoanaowt/OneFind/releases/download/v1.7.2026.13301/OneFindInstaller-windows_1.7.exe"
"2026-09-04","2026-09-04T19:00:03Z","v1.6.2026.11705","2026-04-26T15:04:28Z","OneFindInstaller_1.6.exe","175","https://github.com/iawnfoanaowt/OneFind/releases/download/v1.6.2026.11705/OneFindInstaller_1.6.exe"
"2026-09-04","2026-09-04T19:00:03Z","v1.5.2026.10704","2026-04-16T08:24:20Z","OneFindInstaller_1.5.exe","108","https://github.com/iawnfoanaowt/OneFind/releases/download/v1.5.2026.10704/OneFindInstaller_1.5.exe"
"2026-09-04","2026-09-04T19:00:03Z","v1.5.2026.10609","2026-04-16T08:11:49Z","OneFindInstaller_1.5.exe","3","https://github.com/iawnfoanaowt/OneFind/releases/download/v1.5.2026.10609/OneFindInstaller_1.5.exe"
"2026-09-04","2026-09-04T19:00:03Z","v1.4.2026.10104","2026-04-11T14:47:23Z","KnowledgeBaseGatewayInstaller.exe","81","https://github.com/iawnfoanaowt/OneFind/releases/download/v1.4.2026.10104/KnowledgeBaseGatewayInstaller.exe"
"2026-09-04","2026-09-04T19:00:03Z","v1.2.2026.10009","2026-04-10T12:55:08Z","KnowledgeBaseGatewayInstaller.exe","31","https://github.com/iawnfoanaowt/OneFind/releases/download/v1.2.2026.10009/KnowledgeBaseGatewayInstaller.exe"
"2026-09-04","2026-09-04T19:00:03Z","v1.1.2026.9903","2026-04-09T13:52:18Z","KnowledgeBaseGatewayInstaller.exe","23","https://github.com/iawnfoanaowt/OneFind/releases/download/v1.1.2026.9903/KnowledgeBaseGatewayInstaller.exe"
"2026-09-05","2026-09-05T18:21:35Z","v1.8.2026.22201","2026-08-11T11:28:45Z","OneFind-macos-arm64-v1.8.dmg","7","https://github.com/iawnfoanaowt/OneFind/releases/download/v1.8.2026.22201/OneFind-macos-arm64-v1.8.dmg"
"2026-09-05","2026-09-05T18:21:35Z","v1.8.2026.22201","2026-08-11T11:28:45Z","OneFindInstaller_1.8.exe","165","https://github.com/iawnfoanaowt/OneFind/releases/download/v1.8.2026.22201/OneFindInstaller_1.8.exe"
"2026-09-05","2026-09-05T18:21:35Z","v1.7.2026.13301","2026-05-12T13:33:59Z","OneFind-macos-arm64-v1.7.dmg","133","https://github.com/iawnfoanaowt/OneFind/releases/download/v1.7.2026.13301/OneFind-macos-arm64-v1.7.dmg"
"2026-09-05","2026-09-05T18:21:35Z","v1.7.2026.13301","2026-05-12T13:33:59Z","OneFindInstaller-windows_1.7.exe","716","https://github.com/iawnfoanaowt/OneFind/releases/download/v1.7.2026.13301/OneFindInstaller-windows_1.7.exe"
"2026-09-05","2026-09-05T18:21:35Z","v1.6.2026.11705","2026-04-26T15:04:28Z","OneFindInstaller_1.6.exe","176","https://github.com/iawnfoanaowt/OneFind/releases/download/v1.6.2026.11705/OneFindInstaller_1.6.exe"
"2026-09-05","2026-09-05T18:21:35Z","v1.5.2026.10704","2026-04-16T08:24:20Z","OneFindInstaller_1.5.exe","109","https://github.com/iawnfoanaowt/OneFind/releases/download/v1.5.2026.10704/OneFindInstaller_1.5.exe"
"2026-09-05","2026-09-05T18:21:35Z","v1.5.2026.10609","2026-04-16T08:11:49Z","OneFindInstaller_1.5.exe","3","https://github.com/iawnfoanaowt/OneFind/releases/download/v1.5.2026.10609/OneFindInstaller_1.5.exe"
"2026-09-05","2026-09-05T18:21:35Z","v1.4.2026.10104","2026-04-11T14:47:23Z","KnowledgeBaseGatewayInstaller.exe","81","https://github.com/iawnfoanaowt/OneFind/releases/download/v1.4.2026.10104/KnowledgeBaseGatewayInstaller.exe"
"2026-09-05","2026-09-05T18:21:35Z","v1.2.2026.10009","2026-04-10T12:55:08Z","KnowledgeBaseGatewayInstaller.exe","31","https://github.com/iawnfoanaowt/OneFind/releases/download/v1.2.2026.10009/KnowledgeBaseGatewayInstaller.exe"
"2026-09-05","2026-09-05T18:21:35Z","v1.1.2026.9903","2026-04-09T13:52:18Z","KnowledgeBaseGatewayInstaller.exe","24","https://github.com/iawnfoanaowt/OneFind/releases/download/v1.1.2026.9903/KnowledgeBaseGatewayInstaller.exe"
"2026-09-06","2026-09-06T18:22:31Z","v1.8.2026.22201","2026-08-11T11:28:45Z","OneFind-macos-arm64-v1.8.dmg","7","https://github.com/iawnfoanaowt/OneFind/releases/download/v1.8.2026.22201/OneFind-macos-arm64-v1.8.dmg"
"2026-09-06","2026-09-06T18:22:31Z","v1.8.2026.22201","2026-08-11T11:28:45Z","OneFindInstaller_1.8.exe","170","https://github.com/iawnfoanaowt/OneFind/releases/download/v1.8.2026.22201/OneFindInstaller_1.8.exe"
"2026-09-06","2026-09-06T18:22:31Z","v1.7.2026.13301","2026-05-12T13:33:59Z","OneFind-macos-arm64-v1.7.dmg","133","https://github.com/iawnfoanaowt/OneFind/releases/download/v1.7.2026.13301/OneFind-macos-arm64-v1.7.dmg"
"2026-09-06","2026-09-06T18:22:31Z","v1.7.2026.13301","2026-05-12T13:33:59Z","OneFindInstaller-windows_1.7.exe","716","https://github.com/iawnfoanaowt/OneFind/releases/download/v1.7.2026.13301/OneFindInstaller-windows_1.7.exe"
"2026-09-06","2026-09-06T18:22:31Z","v1.6.2026.11705","2026-04-26T15:04:28Z","OneFindInstaller_1.6.exe","176","https://github.com/iawnfoanaowt/OneFind/releases/download/v1.6.2026.11705/OneFindInstaller_1.6.exe"
"2026-09-06","2026-09-06T18:22:31Z","v1.5.2026.10704","2026-04-16T08:24:20Z","OneFindInstaller_1.5.exe","109","https://github.com/iawnfoanaowt/OneFind/releases/download/v1.5.2026.10704/OneFindInstaller_1.5.exe"
"2026-09-06","2026-09-06T18:22:31Z","v1.5.2026.10609","2026-04-16T08:11:49Z","OneFindInstaller_1.5.exe","3","https://github.com/iawnfoanaowt/OneFind/releases/download/v1.5.2026.10609/OneFindInstaller_1.5.exe"
"2026-09-06","2026-09-06T18:22:31Z","v1.4.2026.10104","2026-04-11T14:47:23Z","KnowledgeBaseGatewayInstaller.exe","81","https://github.com/iawnfoanaowt/OneFind/releases/download/v1.4.2026.10104/KnowledgeBaseGatewayInstaller.exe"
"2026-09-06","2026-09-06T18:22:31Z","v1.2.2026.10009","2026-04-10T12:55:08Z","KnowledgeBaseGatewayInstaller.exe","31","https://github.com/iawnfoanaowt/OneFind/releases/download/v1.2.2026.10009/KnowledgeBaseGatewayInstaller.exe"
"2026-09-06","2026-09-06T18:22:31Z","v1.1.2026.9903","2026-04-09T13:52:18Z","KnowledgeBaseGatewayInstaller.exe","24","https://github.com/iawnfoanaowt/OneFind/releases/download/v1.1.2026.9903/KnowledgeBaseGatewayInstaller.exe"
"2026-09-07","2026-09-07T19:59:31Z","v1.8.2026.22201","2026-08-11T11:28:45Z","OneFind-macos-arm64-v1.8.dmg","7","https://github.com/iawnfoanaowt/OneFind/releases/download/v1.8.2026.22201/OneFind-macos-arm64-v1.8.dmg"
"2026-09-07","2026-09-07T19:59:31Z","v1.8.2026.22201","2026-08-11T11:28:45Z","OneFindInstaller_1.8.exe","172","https://github.com/iawnfoanaowt/OneFind/releases/download/v1.8.2026.22201/OneFindInstaller_1.8.exe"
"2026-09-07","2026-09-07T19:59:31Z","v1.7.2026.13301","2026-05-12T13:33:59Z","OneFind-macos-arm64-v1.7.dmg","133","https://github.com/iawnfoanaowt/OneFind/releases/download/v1.7.2026.13301/OneFind-macos-arm64-v1.7.dmg"
"2026-09-07","2026-09-07T19:59:31Z","v1.7.2026.13301","2026-05-12T13:33:59Z","OneFindInstaller-windows_1.7.exe","716","https://github.com/iawnfoanaowt/OneFind/releases/download/v1.7.2026.13301/OneFindInstaller-windows_1.7.exe"
"2026-09-07","2026-09-07T19:59:31Z","v1.6.2026.11705","2026-04-26T15:04:28Z","OneFindInstaller_1.6.exe","176","https://github.com/iawnfoanaowt/OneFind/releases/download/v1.6.2026.11705/OneFindInstaller_1.6.exe"
"2026-09-07","2026-09-07T19:59:31Z","v1.5.2026.10704","2026-04-16T08:24:20Z","OneFindInstaller_1.5.exe","109","https://github.com/iawnfoanaowt/OneFind/releases/download/v1.5.2026.10704/OneFindInstaller_1.5.exe"
"2026-09-07","2026-09-07T19:59:31Z","v1.5.2026.10609","2026-04-16T08:11:49Z","OneFindInstaller_1.5.exe","3","https://github.com/iawnfoanaowt/OneFind/releases/download/v1.5.2026.10609/OneFindInstaller_1.5.exe"
"2026-09-07","2026-09-07T19:59:31Z","v1.4.2026.10104","2026-04-11T14:47:23Z","KnowledgeBaseGatewayInstaller.exe","81","https://github.com/iawnfoanaowt/OneFind/releases/download/v1.4.2026.10104/KnowledgeBaseGatewayInstaller.exe"
"2026-09-07","2026-09-07T19:59:31Z","v1.2.2026.10009","2026-04-10T12:55:08Z","KnowledgeBaseGatewayInstaller.exe","31","https://github.com/iawnfoanaowt/OneFind/releases/download/v1.2.2026.10009/KnowledgeBaseGatewayInstaller.exe"
"2026-09-07","2026-09-07T19:59:31Z","v1.1.2026.9903","2026-04-09T13:52:18Z","KnowledgeBaseGatewayInstaller.exe","24","https://github.com/iawnfoanaowt/OneFind/releases/download/v1.1.2026.9903/KnowledgeBaseGatewayInstaller.exe"
"2026-09-08","2026-09-08T19:27:10Z","v1.8.2026.22201","2026-08-11T11:28:45Z","OneFind-macos-arm64-v1.8.dmg","7","https://github.com/iawnfoanaowt/OneFind/releases/download/v1.8.2026.22201/OneFind-macos-arm64-v1.8.dmg"
"2026-09-08","2026-09-08T19:27:10Z","v1.8.2026.22201","2026-08-11T11:28:45Z","OneFindInstaller_1.8.exe","172","https://github.com/iawnfoanaowt/OneFind/releases/download/v1.8.2026.22201/OneFindInstaller_1.8.exe"
"2026-09-08","2026-09-08T19:27:10Z","v1.7.2026.13301","2026-05-12T13:33:59Z","OneFind-macos-arm64-v1.7.dmg","133","https://github.com/iawnfoanaowt/OneFind/releases/download/v1.7.2026.13301/OneFind-macos-arm64-v1.7.dmg"
"2026-09-08","2026-09-08T19:27:10Z","v1.7.2026.13301","2026-05-12T13:33:59Z","OneFindInstaller-windows_1.7.exe","716","https://github.com/iawnfoanaowt/OneFind/releases/download/v1.7.2026.13301/OneFindInstaller-windows_1.7.exe"
"2026-09-08","2026-09-08T19:27:10Z","v1.6.2026.11705","2026-04-26T15:04:28Z","OneFindInstaller_1.6.exe","176","https://github.com/iawnfoanaowt/OneFind/releases/download/v1.6.2026.11705/OneFindInstaller_1.6.exe"
"2026-09-08","2026-09-08T19:27:10Z","v1.5.2026.10704","2026-04-16T08:24:20Z","OneFindInstaller_1.5.exe","109","https://github.com/iawnfoanaowt/OneFind/releases/download/v1.5.2026.10704/OneFindInstaller_1.5.exe"
"2026-09-08","2026-09-08T19:27:10Z","v1.5.2026.10609","2026-04-16T08:11:49Z","OneFindInstaller_1.5.exe","3","https://github.com/iawnfoanaowt/OneFind/releases/download/v1.5.2026.10609/OneFindInstaller_1.5.exe"
"2026-09-08","2026-09-08T19:27:10Z","v1.4.2026.10104","2026-04-11T14:47:23Z","KnowledgeBaseGatewayInstaller.exe","81","https://github.com/iawnfoanaowt/OneFind/releases/download/v1.4.2026.10104/KnowledgeBaseGatewayInstaller.exe"
"2026-09-08","2026-09-08T19:27:10Z","v1.2.2026.10009","2026-04-10T12:55:08Z","KnowledgeBaseGatewayInstaller.exe","31","https://github.com/iawnfoanaowt/OneFind/releases/download/v1.2.2026.10009/KnowledgeBaseGatewayInstaller.exe"
"2026-09-08","2026-09-08T19:27:10Z","v1.1.2026.9903","2026-04-09T13:52:18Z","KnowledgeBaseGatewayInstaller.exe","24","https://github.com/iawnfoanaowt/OneFind/releases/download/v1.1.2026.9903/KnowledgeBaseGatewayInstaller.exe"
"2026-09-09","2026-09-09T19:18:31Z","v1.8.2026.22201","2026-08-11T11:28:45Z","OneFind-macos-arm64-v1.8.dmg","8","https://github.com/iawnfoanaowt/OneFind/releases/download/v1.8.2026.22201/OneFind-macos-arm64-v1.8.dmg"
"2026-09-09","2026-09-09T19:18:31Z","v1.8.2026.22201","2026-08-11T11:28:45Z","OneFindInstaller_1.8.exe","176","https://github.com/iawnfoanaowt/OneFind/releases/download/v1.8.2026.22201/OneFindInstaller_1.8.exe"
"2026-09-09","2026-09-09T19:18:31Z","v1.7.2026.13301","2026-05-12T13:33:59Z","OneFind-macos-arm64-v1.7.dmg","133","https://github.com/iawnfoanaowt/OneFind/releases/download/v1.7.2026.13301/OneFind-macos-arm64-v1.7.dmg"
"2026-09-09","2026-09-09T19:18:31Z","v1.7.2026.13301","2026-05-12T13:33:59Z","OneFindInstaller-windows_1.7.exe","716","https://github.com/iawnfoanaowt/OneFind/releases/download/v1.7.2026.13301/OneFindInstaller-windows_1.7.exe"
"2026-09-09","2026-09-09T19:18:31Z","v1.6.2026.11705","2026-04-26T15:04:28Z","OneFindInstaller_1.6.exe","176","https://github.com/iawnfoanaowt/OneFind/releases/download/v1.6.2026.11705/OneFindInstaller_1.6.exe"
"2026-09-09","2026-09-09T19:18:31Z","v1.5.2026.10704","2026-04-16T08:24:20Z","OneFindInstaller_1.5.exe","109","https://github.com/iawnfoanaowt/OneFind/releases/download/v1.5.2026.10704/OneFindInstaller_1.5.exe"
"2026-09-09","2026-09-09T19:18:31Z","v1.5.2026.10609","2026-04-16T08:11:49Z","OneFindInstaller_1.5.exe","3","https://github.com/iawnfoanaowt/OneFind/releases/download/v1.5.2026.10609/OneFindInstaller_1.5.exe"
"2026-09-09","2026-09-09T19:18:31Z","v1.4.2026.10104","2026-04-11T14:47:23Z","KnowledgeBaseGatewayInstaller.exe","81","https://github.com/iawnfoanaowt/OneFind/releases/download/v1.4.2026.10104/KnowledgeBaseGatewayInstaller.exe"
"2026-09-09","2026-09-09T19:18:31Z","v1.2.2026.10009","2026-04-10T12:55:08Z","KnowledgeBaseGatewayInstaller.exe","31","https://github.com/iawnfoanaowt/OneFind/releases/download/v1.2.2026.10009/KnowledgeBaseGatewayInstaller.exe"
"2026-09-09","2026-09-09T19:18:31Z","v1.1.2026.9903","2026-04-09T13:52:18Z","KnowledgeBaseGatewayInstaller.exe","24","https://github.com/iawnfoanaowt/OneFind/releases/download/v1.1.2026.9903/KnowledgeBaseGatewayInstaller.exe"
"2026-09-10","2026-09-10T19:08:24Z","v1.8.2026.22201","2026-08-11T11:28:45Z","OneFind-macos-arm64-v1.8.dmg","9","https://github.com/iawnfoanaowt/OneFind/releases/download/v1.8.2026.22201/OneFind-macos-arm64-v1.8.dmg"
"2026-09-10","2026-09-10T19:08:24Z","v1.8.2026.22201","2026-08-11T11:28:45Z","OneFindInstaller_1.8.exe","181","https://github.com/iawnfoanaowt/OneFind/releases/download/v1.8.2026.22201/OneFindInstaller_1.8.exe"
"2026-09-10","2026-09-10T19:08:24Z","v1.7.2026.13301","2026-05-12T13:33:59Z","OneFind-macos-arm64-v1.7.dmg","133","https://github.com/iawnfoanaowt/OneFind/releases/download/v1.7.2026.13301/OneFind-macos-arm64-v1.7.dmg"
"2026-09-10","2026-09-10T19:08:24Z","v1.7.2026.13301","2026-05-12T13:33:59Z","OneFindInstaller-windows_1.7.exe","716","https://github.com/iawnfoanaowt/OneFind/releases/download/v1.7.2026.13301/OneFindInstaller-windows_1.7.exe"
"2026-09-10","2026-09-10T19:08:24Z","v1.6.2026.11705","2026-04-26T15:04:28Z","OneFindInstaller_1.6.exe","176","https://github.com/iawnfoanaowt/OneFind/releases/download/v1.6.2026.11705/OneFindInstaller_1.6.exe"
"2026-09-10","2026-09-10T19:08:24Z","v1.5.2026.10704","2026-04-16T08:24:20Z","OneFindInstaller_1.5.exe","109","https://github.com/iawnfoanaowt/OneFind/releases/download/v1.5.2026.10704/OneFindInstaller_1.5.exe"
"2026-09-10","2026-09-10T19:08:24Z","v1.5.2026.10609","2026-04-16T08:11:49Z","OneFindInstaller_1.5.exe","3","https://github.com/iawnfoanaowt/OneFind/releases/download/v1.5.2026.10609/OneFindInstaller_1.5.exe"
"2026-09-10","2026-09-10T19:08:24Z","v1.4.2026.10104","2026-04-11T14:47:23Z","KnowledgeBaseGatewayInstaller.exe","81","https://github.com/iawnfoanaowt/OneFind/releases/download/v1.4.2026.10104/KnowledgeBaseGatewayInstaller.exe"
"2026-09-10","2026-09-10T19:08:24Z","v1.2.2026.10009","2026-04-10T12:55:08Z","KnowledgeBaseGatewayInstaller.exe","31","https://github.com/iawnfoanaowt/OneFind/releases/download/v1.2.2026.10009/KnowledgeBaseGatewayInstaller.exe"
"2026-09-10","2026-09-10T19:08:24Z","v1.1.2026.9903","2026-04-09T13:52:18Z","KnowledgeBaseGatewayInstaller.exe","24","https://github.com/iawnfoanaowt/OneFind/releases/download/v1.1.2026.9903/KnowledgeBaseGatewayInstaller.exe"
"2026-09-11","2026-09-11T19:10:44Z","v1.8.2026.22201","2026-08-11T11:28:45Z","OneFind-macos-arm64-v1.8.dmg","11","https://github.com/iawnfoanaowt/OneFind/releases/download/v1.8.2026.22201/OneFind-macos-arm64-v1.8.dmg"
"2026-09-11","2026-09-11T19:10:44Z","v1.8.2026.22201","2026-08-11T11:28:45Z","OneFindInstaller_1.8.exe","181","https://github.com/iawnfoanaowt/OneFind/releases/download/v1.8.2026.22201/OneFindInstaller_1.8.exe"
"2026-09-11","2026-09-11T19:10:44Z","v1.7.2026.13301","2026-05-12T13:33:59Z","OneFind-macos-arm64-v1.7.dmg","133","https://github.com/iawnfoanaowt/OneFind/releases/download/v1.7.2026.13301/OneFind-macos-arm64-v1.7.dmg"
"2026-09-11","2026-09-11T19:10:44Z","v1.7.2026.13301","2026-05-12T13:33:59Z","OneFindInstaller-windows_1.7.exe","716","https://github.com/iawnfoanaowt/OneFind/releases/download/v1.7.2026.13301/OneFindInstaller-windows_1.7.exe"
"2026-09-11","2026-09-11T19:10:44Z","v1.6.2026.11705","2026-04-26T15:04:28Z","OneFindInstaller_1.6.exe","176","https://github.com/iawnfoanaowt/OneFind/releases/download/v1.6.2026.11705/OneFindInstaller_1.6.exe"
"2026-09-11","2026-09-11T19:10:44Z","v1.5.2026.10704","2026-04-16T08:24:20Z","OneFindInstaller_1.5.exe","109","https://github.com/iawnfoanaowt/OneFind/releases/download/v1.5.2026.10704/OneFindInstaller_1.5.exe"
"2026-09-11","2026-09-11T19:10:44Z","v1.5.2026.10609","2026-04-16T08:11:49Z","OneFindInstaller_1.5.exe","3","https://github.com/iawnfoanaowt/OneFind/releases/download/v1.5.2026.10609/OneFindInstaller_1.5.exe"
"2026-09-11","2026-09-11T19:10:44Z","v1.4.2026.10104","2026-04-11T14:47:23Z","KnowledgeBaseGatewayInstaller.exe","82","https://github.com/iawnfoanaowt/OneFind/releases/download/v1.4.2026.10104/KnowledgeBaseGatewayInstaller.exe"
"2026-09-11","2026-09-11T19:10:44Z","v1.2.2026.10009","2026-04-10T12:55:08Z","KnowledgeBaseGatewayInstaller.exe","31","https://github.com/iawnfoanaowt/OneFind/releases/download/v1.2.2026.10009/KnowledgeBaseGatewayInstaller.exe"
"2026-09-11","2026-09-11T19:10:44Z","v1.1.2026.9903","2026-04-09T13:52:18Z","KnowledgeBaseGatewayInstaller.exe","24","https://github.com/iawnfoanaowt/OneFind/releases/download/v1.1.2026.9903/KnowledgeBaseGatewayInstaller.exe"
"2026-09-12","2026-09-12T18:26:51Z","v1.8.2026.22201","2026-08-11T11:28:45Z","OneFind-macos-arm64-v1.8.dmg","12","https://github.com/iawnfoanaowt/OneFind/releases/download/v1.8.2026.22201/OneFind-macos-arm64-v1.8.dmg"
"2026-09-12","2026-09-12T18:26:51Z","v1.8.2026.22201","2026-08-11T11:28:45Z","OneFindInstaller_1.8.exe","187","https://github.com/iawnfoanaowt/OneFind/releases/download/v1.8.2026.22201/OneFindInstaller_1.8.exe"
"2026-09-12","2026-09-12T18:26:51Z","v1.7.2026.13301","2026-05-12T13:33:59Z","OneFind-macos-arm64-v1.7.dmg","133","https://github.com/iawnfoanaowt/OneFind/releases/download/v1.7.2026.13301/OneFind-macos-arm64-v1.7.dmg"
"2026-09-12","2026-09-12T18:26:51Z","v1.7.2026.13301","2026-05-12T13:33:59Z","OneFindInstaller-windows_1.7.exe","716","https://github.com/iawnfoanaowt/OneFind/releases/download/v1.7.2026.13301/OneFindInstaller-windows_1.7.exe"
"2026-09-12","2026-09-12T18:26:51Z","v1.6.2026.11705","2026-04-26T15:04:28Z","OneFindInstaller_1.6.exe","176","https://github.com/iawnfoanaowt/OneFind/releases/download/v1.6.2026.11705/OneFindInstaller_1.6.exe"
"2026-09-12","2026-09-12T18:26:51Z","v1.5.2026.10704","2026-04-16T08:24:20Z","OneFindInstaller_1.5.exe","109","https://github.com/iawnfoanaowt/OneFind/releases/download/v1.5.2026.10704/OneFindInstaller_1.5.exe"
"2026-09-12","2026-09-12T18:26:51Z","v1.5.2026.10609","2026-04-16T08:11:49Z","OneFindInstaller_1.5.exe","3","https://github.com/iawnfoanaowt/OneFind/releases/download/v1.5.2026.10609/OneFindInstaller_1.5.exe"
"2026-09-12","2026-09-12T18:26:51Z","v1.4.2026.10104","2026-04-11T14:47:23Z","KnowledgeBaseGatewayInstaller.exe","82","https://github.com/iawnfoanaowt/OneFind/releases/download/v1.4.2026.10104/KnowledgeBaseGatewayInstaller.exe"
"2026-09-12","2026-09-12T18:26:51Z","v1.2.2026.10009","2026-04-10T12:55:08Z","KnowledgeBaseGatewayInstaller.exe","31","https://github.com/iawnfoanaowt/OneFind/releases/download/v1.2.2026.10009/KnowledgeBaseGatewayInstaller.exe"
"2026-09-12","2026-09-12T18:26:51Z","v1.1.2026.9903","2026-04-09T13:52:18Z","KnowledgeBaseGatewayInstaller.exe","24","https://github.com/iawnfoanaowt/OneFind/releases/download/v1.1.2026.9903/KnowledgeBaseGatewayInstaller.exe"
"2026-09-13","2026-09-13T18:48:54Z","v1.8.2026.22201","2026-08-11T11:28:45Z","OneFind-macos-arm64-v1.8.dmg","12","https://github.com/iawnfoanaowt/OneFind/releases/download/v1.8.2026.22201/OneFind-macos-arm64-v1.8.dmg"
"2026-09-13","2026-09-13T18:48:54Z","v1.8.2026.22201","2026-08-11T11:28:45Z","OneFindInstaller_1.8.exe","188","https://github.com/iawnfoanaowt/OneFind/releases/download/v1.8.2026.22201/OneFindInstaller_1.8.exe"
"2026-09-13","2026-09-13T18:48:54Z","v1.7.2026.13301","2026-05-12T13:33:59Z","OneFind-macos-arm64-v1.7.dmg","133","https://github.com/iawnfoanaowt/OneFind/releases/download/v1.7.2026.13301/OneFind-macos-arm64-v1.7.dmg"
"2026-09-13","2026-09-13T18:48:54Z","v1.7.2026.13301","2026-05-12T13:33:59Z","OneFindInstaller-windows_1.7.exe","716","https://github.com/iawnfoanaowt/OneFind/releases/download/v1.7.2026.13301/OneFindInstaller-windows_1.7.exe"
"2026-09-13","2026-09-13T18:48:54Z","v1.6.2026.11705","2026-04-26T15:04:28Z","OneFindInstaller_1.6.exe","176","https://github.com/iawnfoanaowt/OneFind/releases/download/v1.6.2026.11705/OneFindInstaller_1.6.exe"
"2026-09-13","2026-09-13T18:48:54Z","v1.5.2026.10704","2026-04-16T08:24:20Z","OneFindInstaller_1.5.exe","109","https://github.com/iawnfoanaowt/OneFind/releases/download/v1.5.2026.10704/OneFindInstaller_1.5.exe"
"2026-09-13","2026-09-13T18:48:54Z","v1.5.2026.10609","2026-04-16T08:11:49Z","OneFindInstaller_1.5.exe","3","https://github.com/iawnfoanaowt/OneFind/releases/download/v1.5.2026.10609/OneFindInstaller_1.5.exe"
"2026-09-13","2026-09-13T18:48:54Z","v1.4.2026.10104","2026-04-11T14:47:23Z","KnowledgeBaseGatewayInstaller.exe","82","https://github.com/iawnfoanaowt/OneFind/releases/download/v1.4.2026.10104/KnowledgeBaseGatewayInstaller.exe"
"2026-09-13","2026-09-13T18:48:54Z","v1.2.2026.10009","2026-04-10T12:55:08Z","KnowledgeBaseGatewayInstaller.exe","31","https://github.com/iawnfoanaowt/OneFind/releases/download/v1.2.2026.10009/KnowledgeBaseGatewayInstaller.exe"
"2026-09-13","2026-09-13T18:48:54Z","v1.1.2026.9903","2026-04-09T13:52:18Z","KnowledgeBaseGatewayInstaller.exe","24","https://github.com/iawnfoanaowt/OneFind/releases/download/v1.1.2026.9903/KnowledgeBaseGatewayInstaller.exe"
"2026-09-14","2026-09-14T20:19:28Z","v1.8.2026.22201","2026-08-11T11:28:45Z","OneFind-macos-arm64-v1.8.dmg","13","https://github.com/iawnfoanaowt/OneFind/releases/download/v1.8.2026.22201/OneFind-macos-arm64-v1.8.dmg"
"2026-09-14","2026-09-14T20:19:28Z","v1.8.2026.22201","2026-08-11T11:28:45Z","OneFindInstaller_1.8.exe","193","https://github.com/iawnfoanaowt/OneFind/releases/download/v1.8.2026.22201/OneFindInstaller_1.8.exe"
"2026-09-14","2026-09-14T20:19:28Z","v1.7.2026.13301","2026-05-12T13:33:59Z","OneFind-macos-arm64-v1.7.dmg","133","https://github.com/iawnfoanaowt/OneFind/releases/download/v1.7.2026.13301/OneFind-macos-arm64-v1.7.dmg"
"2026-09-14","2026-09-14T20:19:28Z","v1.7.2026.13301","2026-05-12T13:33:59Z","OneFindInstaller-windows_1.7.exe","716","https://github.com/iawnfoanaowt/OneFind/releases/download/v1.7.2026.13301/OneFindInstaller-windows_1.7.exe"
"2026-09-14","2026-09-14T20:19:28Z","v1.6.2026.11705","2026-04-26T15:04:28Z","OneFindInstaller_1.6.exe","176","https://github.com/iawnfoanaowt/OneFind/releases/download/v1.6.2026.11705/OneFindInstaller_1.6.exe"
"2026-09-14","2026-09-14T20:19:28Z","v1.5.2026.10704","2026-04-16T08:24:20Z","OneFindInstaller_1.5.exe","109","https://github.com/iawnfoanaowt/OneFind/releases/download/v1.5.2026.10704/OneFindInstaller_1.5.exe"
"2026-09-14","2026-09-14T20:19:28Z","v1.5.2026.10609","2026-04-16T08:11:49Z","OneFindInstaller_1.5.exe","3","https://github.com/iawnfoanaowt/OneFind/releases/download/v1.5.2026.10609/OneFindInstaller_1.5.exe"
"2026-09-14","2026-09-14T20:19:28Z","v1.4.2026.10104","2026-04-11T14:47:23Z","KnowledgeBaseGatewayInstaller.exe","82","https://github.com/iawnfoanaowt/OneFind/releases/download/v1.4.2026.10104/KnowledgeBaseGatewayInstaller.exe"
"2026-09-14","2026-09-14T20:19:28Z","v1.2.2026.10009","2026-04-10T12:55:08Z","KnowledgeBaseGatewayInstaller.exe","31","https://github.com/iawnfoanaowt/OneFind/releases/download/v1.2.2026.10009/KnowledgeBaseGatewayInstaller.exe"
"2026-09-14","2026-09-14T20:19:28Z","v1.1.2026.9903","2026-04-09T13:52:18Z","KnowledgeBaseGatewayInstaller.exe","24","https://github.com/iawnfoanaowt/OneFind/releases/download/v1.1.2026.9903/KnowledgeBaseGatewayInstaller.exe"
"2026-09-15","2026-09-15T19:42:57Z","v1.8.2026.22201","2026-08-11T11:28:45Z","OneFind-macos-arm64-v1.8.dmg","14","https://github.com/iawnfoanaowt/OneFind/releases/download/v1.8.2026.22201/OneFind-macos-arm64-v1.8.dmg"
"2026-09-15","2026-09-15T19:42:57Z","v1.8.2026.22201","2026-08-11T11:28:45Z","OneFindInstaller_1.8.exe","194","https://github.com/iawnfoanaowt/OneFind/releases/download/v1.8.2026.22201/OneFindInstaller_1.8.exe"
"2026-09-15","2026-09-15T19:42:57Z","v1.7.2026.13301","2026-05-12T13:33:59Z","OneFind-macos-arm64-v1.7.dmg","133","https://github.com/iawnfoanaowt/OneFind/releases/download/v1.7.2026.13301/OneFind-macos-arm64-v1.7.dmg"
"2026-09-15","2026-09-15T19:42:57Z","v1.7.2026.13301","2026-05-12T13:33:59Z","OneFindInstaller-windows_1.7.exe","716","https://github.com/iawnfoanaowt/OneFind/releases/download/v1.7.2026.13301/OneFindInstaller-windows_1.7.exe"
"2026-09-15","2026-09-15T19:42:57Z","v1.6.2026.11705","2026-04-26T15:04:28Z","OneFindInstaller_1.6.exe","176","https://github.com/iawnfoanaowt/OneFind/releases/download/v1.6.2026.11705/OneFindInstaller_1.6.exe"
"2026-09-15","2026-09-15T19:42:57Z","v1.5.2026.10704","2026-04-16T08:24:20Z","OneFindInstaller_1.5.exe","109","https://github.com/iawnfoanaowt/OneFind/releases/download/v1.5.2026.10704/OneFindInstaller_1.5.exe"
"2026-09-15","2026-09-15T19:42:57Z","v1.5.2026.10609","2026-04-16T08:11:49Z","OneFindInstaller_1.5.exe","3","https://github.com/iawnfoanaowt/OneFind/releases/download/v1.5.2026.10609/OneFindInstaller_1.5.exe"
"2026-09-15","2026-09-15T19:42:57Z","v1.4.2026.10104","2026-04-11T14:47:23Z","KnowledgeBaseGatewayInstaller.exe","82","https://github.com/iawnfoanaowt/OneFind/releases/download/v1.4.2026.10104/KnowledgeBaseGatewayInstaller.exe"
"2026-09-15","2026-09-15T19:42:57Z","v1.2.2026.10009","2026-04-10T12:55:08Z","KnowledgeBaseGatewayInstaller.exe","31","https://github.com/iawnfoanaowt/OneFind/releases/download/v1.2.2026.10009/KnowledgeBaseGatewayInstaller.exe"
"2026-09-15","2026-09-15T19:42:57Z","v1.1.2026.9903","2026-04-09T13:52:18Z","KnowledgeBaseGatewayInstaller.exe","24","https://github.com/iawnfoanaowt/OneFind/releases/download/v1.1.2026.9903/KnowledgeBaseGatewayInstaller.exe"
